nbrs_id,company_type,company_name,phone,address,keyword
369569,PT,Aab Investments Group,2183784164,"JL. RAWASARI BAR. I NO. 13, Jakarta Pusat, DKI Jakarta",aab
1169204,PT,Aae Outdoor Indonesia,82110889569,"Gedung Panorama Depan Jalan Raya Klampok - Bangsri, Kabupaten Brebes, Jawa Tengah",aae
2676049,PT,Aae Mitra Abadi,85265010133,"Jl. Alai Pauh V No. 1, Kota Padang, Sumatera Barat",aae
273002,PT,Aaa Cipta Persada,2129043860,"GD. OFFICE 8 LT. 18-A, SCBD, JL. JEND. SUDIRMAN KAV. 52-53, Jakarta Selatan, DKI Jakarta",aaa
977500,PT,Anugrah Alam Abadi Aaa,8117109101,"Jalan Lintas Sumatera KM 09 Nomor 039, Kabupaten Lahat, Sumatera Selatan",aaa
992694,PT,Aaa Greencell Internasional,82119847168,"Tokopedia Care Tower Level 16 Suite 39, Ciputra International, Jl. Lingkar Luar Barat no.101, Jakarta Barat, DKI Jakarta",aaa
1048885,PT,Aaa Investama Sejahtera,2179453336,"GRAHA MAMPANG LT.3 SUITE 305, JL. MAMPANG PRAPATAN RAYA NO.100, Jakarta Selatan, DKI Jakarta",aaa
1170398,PT,Aaa Design Studio,60129880638,"Ruko Blok 5 Jalan Sunset Road 105, Kabupaten Badung, Bali",aaa
1175552,PT,Aaa Advisindo Sejahtera,0,"OFFICE 8 – LT. 11 UNIT D (Lot 28 SCBD), JALAN SENOPATI DALAM I, Jakarta Selatan, DKI Jakarta",aaa
1176677,PT,Aaa Rokni Ltd,881037908534,"Jalan Pariwisata Pantai Kuta, Kabupaten Lombok Tengah, Nusa Tenggara Barat",aaa
1199959,PT,Triple Aaa Int,2125036731,"Jl. Duren Tiga Selatan No.56, Jakarta Selatan, DKI Jakarta",aaa
1213165,PT,Aaa Teknologi Investama,0,"OFFICE 8 BUILDING LT. 11 UNIT D, JALAN SENOPATI, Jakarta Selatan, DKI Jakarta",aaa
1223976,PT,Aaa Greencell Trading Indonesia,82119847168,"Tokopedia Care Tower Level 16 Suite 39, Ciputra International, Jl. Lingkar Luar Barat no.101, Jakarta Barat, DKI Jakarta",aaa
1292308,PT,Eternal Aaa Investments,81281169647,"Ruko Pluit Village Nomor 21-23, Jalan Raya Pluit Permai, Jakarta Utara, DKI Jakarta",aaa
1303406,PT,Aaa Dana Investasi,8119301098,"TOKOPEDIA TOWER LT.19F JL. PROF DR SATRIO BL, Jakarta Selatan, DKI Jakarta",aaa
1303469,PT,Aaa Global Logistics,82136972356,"Jalan RM HADI SOEBENO SASROWARDOYO, RUKO FOREST HILL A1 No.1 CITRALAND BSB, Kota Semarang, Jawa Tengah",aaa
1344055,PT,Aaa Makmur Abadi,81289891989,"JALAN RAYA TUKUM NO. 45, Kabupaten Lumajang, Jawa Timur",aaa
1403724,PT,Aaa Jaya Properti,895416160033,"Jl. Yusuf Arief No. 03, Kota Palopo, Sulawesi Selatan",aaa
1411836,PT,Aaa Bersaudara Teknik,81371769373,"DURI, Kabupaten Bengkalis, Riau",aaa
1055131,PT,Aac Panel Indonesia,2129026682,"Plaza Mutiara Lantai 5, Jl. DR. Ide Anak Agung Gde Agung, Kav. E.1.2 Nomor 1 & 2, Jakarta Selatan, DKI Jakarta",aac
1437419,PT,Aaa Villas Bali,81337220612,"Jalan Raya Semat No. 11, Kelurahan/Desa Tibubeneng, Kecamatan Kuta Utara, Kabupaten Badung, Provinsi Bali, Kabupaten Badung, Bali",aaa
2458905,PT,Aac Legasi Arthaya,81364310588,"JALAN VETERAN NO 185, Kota Bukittinggi, Sumatera Barat",aac
1461961,PT,Aaa Global Express Inc,82121225680,"KAMPUNG SODONG NOMOR 64, Kabupaten Bandung, Jawa Barat",aaa
1467249,PT,Triple Aaa Group,81238093987,"JALAN KUWUM, BANJAR KUWUM, Kabupaten Badung, Bali",aaa
1486541,PT,Aaa Food Consulting,81337483964,"JALAN MUNDUK TENGAH NOMOR 6, Kabupaten Badung, Bali",aaa
1138492,PT,Aaf Sukses Medika,81262185092,"JALAN RAYA BOGOR KILOMETER 29, Kota Depok, Jawa Barat",aaf
1951869,PT,Aaf Pandum Berkah,812162185209,"JL. MEKARSARI RAYA NO.10 B, Kota Depok, Jawa Barat",aaf
2626529,PT,Target Aaf Latimojong,81244805703,"PERUM MARIO RESIDENT BLOK B9, Kabupaten Luwu, Sulawesi Selatan",aaf
844125,PT,Aaf International Indonesia,,"GOLF ISLAND, RUKAN BEACH 2 BOULEVARD NOMOR 007
KAMAL MUARA, PENJARINGAN, Jakarta Utara, DKI Jakarta",aaf
1500565,PT,Rasa Matcha Aaa,81219461997,"Jl Bangunan Timur No. 5, Jakarta Timur, DKI Jakarta",aaa
1503257,PT,Aaa Investama Abadi,8112639007,"Jl. Watukaji M 107, Kota Semarang, Jawa Tengah",aaa
1550325,PT,Aaa Trece Group,85822556218,"JALAN SUGRIWA NOMOR 18, Kabupaten Gianyar, Bali",aaa
1598637,PT,Gpgm Cendrawasih Aaa,81380241171,"DUSUN JLEGONG, Kabupaten Semarang, Jawa Tengah",aaa
1652473,PT,Aaa Prima Bersaudara,81315164729,"Jalan Delta, Kabupaten Tanjung Jabung Timur, Jambi",aaa
1744337,PT,Aaa Putra Golden,81365629029,"Jl. Teuku Umar, Kabupaten Siak, Riau",aaa
1849685,PT,Aaa Hospitality Entreprises,61448392183,"Jalan Selong Belanak, Kabupaten Lombok Tengah, Nusa Tenggara Barat",aaa
1929069,PT,Aaa Development Bali,85333798382,"Jalan Sri Wedari No. 24, Lingkungan Tegallantang, Kabupaten Gianyar, Bali",aaa
2004692,PT,Aaa Global Consultancy,811823201,"Epiwalk Lantai 5 Unit B522, Kawasan Rasuna Epicentrum, Jalan H.R. Rasuna Said, Jakarta Selatan, DKI Jakarta",aaa
2055680,PT,Aaa Sukses Bersaudara,82148906908,"SANIPAH, GANG TAPENG, Kabupaten Kutai Kartanegara, Kalimantan Timur",aaa
696511,PT,Aah Tiga Berlian,2142886746,"D’Arcici Plaza Lantai 03 Room 303, Jl. Letjend Suprapto No. 62, Jakarta Pusat, DKI Jakarta",aah
2204706,PT,Aaa Trading International,82299333102,"JALAN KEBON KACANG 41 LOS, 5, Jakarta Pusat, DKI Jakarta",aaa
2352377,PT,Triple Aaa Security,895612453057,"Jl. Tegal Sari 53, Kabupaten Badung, Bali",aaa
2095832,PT,Aai Aai Indonesia,2122834060,"Capital Place Lantai 19, Jl. Gatot Subroto Kav. 18, Jakarta Selatan, DKI Jakarta",aai
1602277,PT,Aai Globalindo Travel,818338810,"Kyai Caringin nomor 22-A, Jakarta Pusat, DKI Jakarta",aai
2371777,PT,Aaa Traders Indonesia,923224994042,"Menara Bidakara 2Annex Building (Bina Sentra) Lantai 4 . Jl. Gatot Subroto Kav 71-73, Jakarta Selatan, DKI Jakarta",aaa
2395485,PT,Aai Global Remittance,8124277591,"Jl. Kh. Guru Amin No.11, Jakarta Selatan, DKI Jakarta",aai
2434973,PT,Aaa Bersaudara Kreasi,87788684849,"JALAN PANGLIMA POLIM XII NOMOR 9, Jakarta Selatan, DKI Jakarta",aaa
1081763,PT,Aaa Arto Abadi,2131110505,"Gedung Kinanti, Epicentrum Tengah No. 3, Jl. HR. Rasuna Said, Jakarta Selatan, DKI Jakarta",aaa
2559030,PT,Aaa Royal Trading,8113415758,"KENONGOSARI, Kabupaten Sidoarjo, Jawa Timur",aaa
2628285,PT,Aaa Malaya Heritage,882017184986,"Jalan Sudirman Nomor 259, Kota Tebing Tinggi, Sumatera Utara",aaa
2655085,PT,Aaa Legacy Group,87779288721,"GEDUNG METRO PASAR BARU LANTAI 3 TU 305, JALAN H. SAMANHUDI NO 2B, Jakarta Pusat, DKI Jakarta",aaa
1710997,PT,Aaa Investment Management,6586668886,"Ruko Suryopranoto, Jalan Suryopranoto No. 11F, Jakarta Pusat, DKI Jakarta",aaa
1335409,PT,Aaa Oxford Global,971585870025,"Gandum Villa Complex, Jalan Belimbing Sari, Kabupaten Badung, Bali",aaa
2678917,PT,Aaa Adikara Sejahtera,82125450181,"JALAN VICTORIA HILL BLOK J11, Kota Bogor, Jawa Barat",aaa
230502,PT,Aaj Indonesia,2151401340,"GD. PLAZA ASIA/ABDA LT. 10, JL. JEND. SUDIRMAN KAV. 59, SENAYAN., Jakarta Selatan, DKI Jakarta",aaj
341122,PT,Aaj Kapital,,"GEDUNG PLAZA ASIA LT.10,JL.JEND.SUDIRMAN KAV.59,SENAYAN, Jakarta Selatan, DKI Jakarta",aaj
2498801,PT,Aaj Anugrah Sentosa,82364265544,"JL GUNUNG RAYA NO 2, Kota Pekanbaru, Riau",aaj
2551334,PT,Aaj Asia Jaya,85247223639,"Ruko JBD BA08 Jakarta Garden City, Jakarta Timur, DKI Jakarta",aaj
979147,PT,Aak Asgar Indonesia,82120414091,"Blok M Plaza Lantai 5 Unit 524, Jalan Bulungan Nomor 76 Jakarta Selatan, Jakarta Selatan, DKI Jakarta",aak
2154481,PT,Aak Indo Impex,81388561618,"GEDUNG CITRA TOWER LT.2 BLOK B1 JL. BENYAMIN SUEB A6, Jakarta Pusat, DKI Jakarta",aak
2381441,PT,Aak Celebes Abadi,85182425156,"Akses Ali coworking space makassar, Jl. A. P. Pettarani No.9, Kota Makassar, Sulawesi Selatan",aak
190455,PT,Aal Rizki Tadangpalie,,"JL.SAPTA MARGA NO.12,BTN PALU NAGAYA BLOK A/1 NO.03, KEL.DONGGALA KODI, Kota Palu, Sulawesi Tengah",aal
549104,PT,Aal Group Pacific,,"GRAHA DIRGANTARA BUILDING,3RD FLOOR - UNIT D,E,F,G,H PROTOCOL OF HALIM PERDANA KUSUMA NO.8, Jakarta Timur, DKI Jakarta",aal
689663,PT,Aal Rizki Tambang Palu,,"JL. PEMUDA NO.01, Kota Palu, Sulawesi Tengah",aal
1320801,PT,Aal Taqi Perdana,81287066120,"Jalan Mataram XXI Nomor 09, Kabupaten Tangerang, Banten",aal
1585881,PT,Aal Khafi Tour Dan Travel,82373004999,"JALAN TAMAN SASANA PATRA, Kota Palembang, Sumatera Selatan",aal
1676117,PT,Aal Trust Nusantara Abadi,81212286290,"JALAN BOULEVARD CITRA RAYA BLOK KF 12/01, Kabupaten Tangerang, Banten",aal
1694077,PT,Aal Pamungkas Rey Sitompul,85210834732,"JALAN SALEMBA TENGAH NO 35C, Jakarta Pusat, DKI Jakarta",aal
1879701,PT,Aal Putra Mandiri,8526444044,"Perumahan Bumi Cikarang Makmur 2 Blok A-2 Nomor 5, Kabupaten Bekasi, Jawa Barat",aal
119166,PT,Aal Tech Marine,,"JL. BRIGJEND KATAMSO, TANJUNG UNCANG, RT.000 RW.000, Kota Batam, Kepulauan Riau",aal
691152,PT,Aam Trans Aman Dan Amanah,,", Kabupaten Trenggalek, Jawa Timur",aam
712719,PT,Aam Jaya Rayya,,"JL. GATOT SUBROTO NO. 35 DUSUN MANIS, Kabupaten Cirebon, Jawa Barat",aam
807572,PT,Aam Group Trading,,"Jl. KH Mas Mansyur No. 28, Jakarta Pusat, DKI Jakarta",aam
1172567,PT,Aam Anugerah Mandiri,81289212188,"JL. GRIYA UTAMA BLOK A NO. 23, Jakarta Utara, DKI Jakarta",aam
1256412,PT,Samtoeng Birkah Aam,85815078295,"JALAN KENONGO RAYA 54, Kota Kediri, Jawa Timur",aam
1274618,PT,Aam Logistik Indonesia,82391060731,"KOMPLEK RUKO BUANA MAS 2 NOMOR 36, Kota Batam, Kepulauan Riau",aam
1307343,PT,Aam Farma Indonesia,87727264334,"Jalan Raya Terate, Lingkungan Semendaran, Nomor 17, Kota Cilegon, Banten",aam
1937089,PT,Aam Moeris Indonesia,8114620091,"JL. BIRING ERE, Kabupaten Pangkajene Kepulauan, Sulawesi Selatan",aam
1954457,PT,Raja Aam Nusantara Sejahtera,895392933737,"DUSUN RANDE, Kabupaten Lamongan, Jawa Timur",aam
679408,PT,Aam Prima Arta,81934101946,"Bumi Mutiara Serang Blok H. Nomor 09, Kota Serang, Banten",aam
1183931,PT,Aam Agung Investama,217945301,"Gedung Graha Krama Yudha Lantai 4 Unit B
Jalan Warung Jati Barat nomor 43, Jakarta Selatan, DKI Jakarta",aam
447657,PT,Pantai Aan,,"JL AIRLANGGA NO. 02, Kota Mataram, Nusa Tenggara Barat",aan
550290,PT,Aan Jaya Baru,81267409418,"JL. DR. MOH. HATTA, PADANG, Kota Padang, Sumatera Barat",aan
1045982,PT,Aap Citra Kencana Abadi,82123193989,"JALAN I.GUSTI NGURAH RAI No.01
RUKO MALL KLENDER BLOK.B-III No.09, Jakarta Timur, DKI Jakarta",aap
999316,PT,Aan Karya Utama Mandiri,81333398274,"PERUM GKGA BLOK CB-28, Kabupaten Gresik, Jawa Timur",aan
1168051,PT,Aap Maritim Perkasa,8114050224,"Desa Labokeo, Kabupaten Konawe Selatan, Sulawesi Tenggara",aap
1014654,PT,Aan Rezky Gasindo,811633950,"Jalan Mesjid nomor 107., Kabupaten Deli Serdang, Sumatera Utara",aan
1609437,PT,Aap Perkasa Nusantara,8117300994,"18 Office Park Building 21th Floor Unit C, Jl. TB Simatupang No.Kav. 18, Jakarta Selatan, DKI Jakarta",aap
1309738,PT,Aan Mjd Group,82316238089,"JALAN BUNGONG JAROE, Kabupaten Aceh Barat, Aceh",aan
1694297,PT,Aap Sahe Hoa,82339928491,"Jalan Sunset Road Nomor 28, Kabupaten Badung, Bali",aap
693154,PT,Tanjung Aan Investment Group,82221634974,"Jalan R. A. Kartini Nomor 16A, Kota Mataram, Nusa Tenggara Barat",aan
2090304,PT,Dua Aap Saudara,33640929370,"JALAN PANTAI BERAWA NOMOR 150 UNIT 3, Kabupaten Badung, Bali",aap
2603292,PT,Aan Shun Investment,8132088868,"INFINITY OFFICE, MTH GROUND FLOOR GF A4 A, JALAN LETJEN MT HARYONO KAV 10, Jakarta Timur, DKI Jakarta",aan
2503681,PT,Aap Asia Packaging,82329609899,"Jalan Raya Keplaksari, Kabupaten Jombang, Jawa Timur",aap
1938985,PT,Aan Berkah Abadi,8124310126,"Jalan Jaksa Agung Suprapto, Kota Gorontalo, Gorontalo",aan
312597,PT,Aap Consulting Indonesia,,"Wisma Nugra Santana Lantai 7, Jalan Jenderal Sudirman Kaveling 7-8, Jakarta Pusat, DKI Jakarta",aap
348708,PT,Aar Nusantara,,"JL.SENAYAN NO. 14 BLOK S, KEL. RAWA BARAT, Jakarta Selatan, DKI Jakarta",aar
1799785,PT,Aar Khiar Jaya,85213309341,"DESA CURAH TATAL, Kabupaten Bondowoso, Jawa Timur",aar
989995,PT,Aas Global Indonesia,778473450,"KOMPLEK REGENCY PARK BLOK IV NOMOR 49, Kota Batam, Kepulauan Riau",aas
1086896,PT,Aas Primatama Logistik,8114177704,"JALAN MALAKA KAWASAN RUKO BISNIS CITRALAND BLOK F1 NO. 16,, Kota Kendari, Sulawesi Tenggara",aas
1087495,PT,Aas Gemilang Nusantara,8114177704,"JALAN MALAKA KAWASAN RUKO BISNIS CITRALAND BLOK F1 NO. 16, Kota Kendari, Sulawesi Tenggara",aas
1148906,PT,Aas Gemilang Mandiri,411420695,"AAS BUILDING, JL. URIP SUMOHARJO KM. 5 NO. 3, Kota Makassar, Sulawesi Selatan",aas
1150831,PT,Aas Digital Indonesia,411420695,"AAS BUILDING, JL. URIP SUMOHARJO KM. 5 NO. 3, Kota Makassar, Sulawesi Selatan",aas
1151792,PT,Aas Mineral Mandiri,411420695,"AAS BUILDING, JL. URIP SUMOHARJO KM. 5 NO. 3, Kota Makassar, Sulawesi Selatan",aas
1223333,PT,Aas Property Land,822111111565,"Puri Beta 2 Cluster Taman Buah Jl TB 8 No 27 Ciledug 15154, Kota Tangerang, Banten",aas
217157,PT,Aat Indonesia,,"THE CENTRO METRO BROADWAY BLOK B NO. 60 JL.PANTAI INDAH UTARA II, PANTAI INDAH KAPUK, RT 003, RW 007, Jakarta Utara, DKI Jakarta",aat
410788,PT,Aat Mandiri,,"JL.SALAK KP BUARAN RT005/04, KEL PONDOK BENDA, Kota Tangerang Selatan, Banten",aat
1295530,PT,Aas Rajawali Indonesia Prakarsa,81343836879,"Jl Rajawali I Lorong 13 B Nomor 5, Kota Makassar, Sulawesi Selatan",aas
1323293,PT,Aas Bintang Mulya Jaya,81266405389,"JL. BANDES I, Kabupaten Bengkalis, Riau",aas
1435255,PT,Aas Mandiri Sejahtera,411420695,"Gedung AAS Building Jl. Urip Sumoharjo Km. 5., Kota Makassar, Sulawesi Selatan",aas
1449137,PT,Aas Medika Husada,82344983302,"Jl Urip Sumoharjo KM 5 No 3, Kota Makassar, Sulawesi Selatan",aas
1488861,PT,Aas Pertama Prakasa,811414722,"BTN AFIKA RESIDENCE BLOK G30, Kota Kendari, Sulawesi Tenggara",aas
1490377,PT,Aas Transud Indonesia,82344983302,"AAS BUILDING JL. URIP SUMOHARJO KM 5 NO.3, Kota Makassar, Sulawesi Selatan",aas
1555521,PT,Tiga Bersaudara Aas,82136681487,"JL. KURMA IX NO.06 PONDOK REJEKI, Kabupaten Tangerang, Banten",aas
1593497,PT,Aas Food And Beverage,82339618526,"JALAN PANTAI BATU BOLONG No. 78A, Kabupaten Badung, Bali",aas
2300217,PT,Auto Green Aas,85398583478,"AAS BUILDING, JL. URIP SUMOHARJO KM. 5 NO. 3, Kota Makassar, Sulawesi Selatan",aas
2446581,PT,Aay Syahrir Group,85796009809,"Jl. Hertasning V No. 8, Kota Makassar, Sulawesi Selatan",aay
1306780,PT,Aaz Multi Media Kreasi,895322273312,"PERUM MANGKUBUMI BLOK B NO.1, Kota Bandar Lampung, Lampung",aaz
1615133,PT,Aaz Indo Support,81295739610,"Ruko Santa Monika Blok A Nomor 36, Gading Serpong, Kabupaten Tangerang, Banten",aaz
2365725,PT,Aaz Prima Karya,85319235588,"PERUMAHAN VILLA DISCOVERY BLOK B/10, Kabupaten Gowa, Sulawesi Selatan",aaz
2006992,PT,Aaz Zara Murtaza,81331907142,"Kelurahan Karangkebagusan, Kabupaten Jepara, Jawa Tengah",aaz
1281311,PT,Aaw Multi Services,2138907771,"Jl. Majapahit No.26, Komplek Golden Centrum, Jakarta Pusat, DKI Jakarta",aaw
70996,PT,Aba Sarana Lestari,215653311,"JALAN DAAN MOGOT NOMOR 59,, Jakarta Barat, DKI Jakarta",aba
1300295,PT,Aaw Solution Management,2138907771,"Menara Ravindo Lantai 12, Jl. Kebon Sirih Kav 75, Jakarta Pusat, DKI Jakarta",aaw
128435,PT,Aba Mulia Darma,,"KOMPLEK AZHAR BLOK D-6 NO.05 KENTEN TALANG KELAPA, Kabupaten Banyuasin, Sumatera Selatan",aba
133665,PT,Aba Logistics,,"JALAN MADUTAKI III NOMOR 5, Kabupaten Badung, Bali",aba
235974,PT,Aba Mandiri Sejahtera Kimia,,"JL.ANGKASA KAV B7, MEGA GLODOK KEMAYORAN, GROUND FLOOR BLOK A5 NO.11, Jakarta Pusat, DKI Jakarta",aba
507193,PT,Abb Energi Systems Indonesia,,"JAKARTA, DKI Jakarta",abb
291049,PT,Aba Mita,,"JL. KERSO RT. 001 RW. 001, KERSO, Kabupaten Jepara, Jawa Tengah",aba
509747,PT,Abb Bailef,,"JL., DKI Jakarta",abb
509748,PT,Abb Produksindo,,"JL., DKI Jakarta",abb
402524,PT,Aba Sumber Energi,81381854208,"AXA Tower 45th Floor, Jl. Prof. Dr. Satrio Kav.18, Jakarta Selatan, DKI Jakarta",aba
522096,PT,Abb Sdakti Industri,,"JAKARTA, DKI Jakarta",abb
588470,PT,Abb Jasa Indonesia,,"JL., DKI Jakarta",abb
956812,PT,Aba Semesta Alam,351385669,"JALAN RAYA CARUBAN-NGAWI KM 8, Kabupaten Madiun, Jawa Timur",aba
634756,PT,Abb Insurance Brokers,,"SYNERGY BUILDING LANTAI 15 JALAN JALUR SUTERA BARAT KAVELING 17 ALAM SUTERA, Kota Tangerang, Banten",abb
1039340,PT,Aba Kurnia Sejahtera,85267751875,"KOMPLEK BUKIT GADING INDAH BLOK B NO.05 JALAN BUKIT GADING RAYA, Jakarta Utara, DKI Jakarta",aba
1282774,PT,Abb Tujuh Belas,81256647339,"JALAN KODECO KM 2, Kabupaten Tanah Bumbu, Kalimantan Selatan",abb
1393228,PT,Abb Kreatif Mandiri,2122123434,"JALAN PERJUANGAN NOMOR 1 D, Jakarta Barat, DKI Jakarta",abb
1039361,PT,Aba Karunia Sejahtera,85267751875,"KOMPLEK BUKIT GADING INDAH, BLOK B NO.05 JALAN BUKIT GADING RAYA, Jakarta Utara, DKI Jakarta",aba
1876145,PT,Abb Learning Centre,81380380350,"CIFEST HILL CLUSTER IVORY MANSION B6/22 V.M, Kabupaten Bekasi, Jawa Barat",abb
1040590,PT,Aba Digital Data Solusi,217696019,"18 PARC PLACE SCBD, LANTAI 5, TOWER D, JL.JENDERAL SUDIRMAN KAV.52-53, Jakarta Selatan, DKI Jakarta",aba
2374409,PT,Abb Doha Indonesia,81225829213,"Palma One, Jalan HR Rasuna Said Kavling X-2 Nomor 4, Jakarta Selatan, DKI Jakarta",abb
119015,PT,Abc Agro,,"MENARA IMPERIUM LANTAI 17 SUITE C, JL. HR RASUNA SAID KAV. 1 KUNINGAN JAKARTA SELATAN, Jakarta Selatan, DKI Jakarta",abc
2497101,PT,Abb Robotics Sakti,628161632708,"WORLD TRADE CENTER 3, 25TH FLOOR, JL. JEND. SUDIRMAN KAV. 29-31, Jakarta Selatan, DKI Jakarta",abb
1040597,PT,Aba Niaga Sejahtera,217696019,"JL BUKIT GADING RAYA, KOMPLEK BUKIT GADING INDAH B NO. 5, Jakarta Utara, DKI Jakarta",aba
171053,PT,Abc Energy,,"JL. DR. SOETOMO 136 RT/RW 005/09 DARMO, WONOKROMO, Kota Surabaya, Jawa Timur",abc
641151,PT,Abb Sakti Industri,2125515555,"GEDUNG WORLD TRADE CENTER I LT.15, JL.JEND.SUDIRMAN KAV.29-31,KEL.KARET,KEC.SETIABUDI,JAKSEL, Jakarta Selatan, DKI Jakarta",abb
1040752,PT,Aba Citra Sejahtera,85267751875,"18 PARC PLACE SCBD, LANTAI 5, TOWER D, JL. JENDERAL SUDIRMAN KAV..52-53, Jakarta Selatan, DKI Jakarta",aba
311427,PT,Abc Fasteners,,"JALAN RAYA KUTA BUMI TRITI KAWASAN GKBI NOMOR 88, Kabupaten Tangerang, Banten",abc
287793,PT,H. Abd. Rahman Hasyim,,"JL.PRAMUKA NO. 77 KARABALLO KEL. WATANG SUPPA, Kabupaten Pinrang, Sulawesi Selatan",abd
1139331,PT,Aba Parfum Indonesia,81281887297,"Kp. Pabuaran, Kabupaten Bogor, Jawa Barat",aba
394047,PT,Mahkota Abc Prima,,"JL. KARANG MULYA 5/27, RT. 1, RW.9, KEL. KARANG TENGAH, KEC. KARANG MULYA, KOTA TANGERANG, Kota Tangerang, Banten",abc
935574,PT,Abd Majid Internasional,81347507112,"RUKO DAAN MOGOT BARU JL. JIMBARAN BLOK 3 A NO.1 A -2, Jakarta Barat, DKI Jakarta",abd
410589,PT,Abc Beton Indonesia,,"Jl. Besar Lubuk Pakam, Kabupaten Deli Serdang, Sumatera Utara",abc
1094076,PT,Albarka Abd Aziz Grup,81281986066,"Jalan Metro TV, Kota Ternate, Maluku Utara",abd
1203062,PT,Aba Healthcare Partner,85697667841,"KP. SILUMAN, JL.PENDIDIKAN, MANGUN JAYA TAMBUN SELATAN, Kabupaten Bekasi, Jawa Barat",aba
1135635,PT,Abd Bima Group,81334432111,"JALAN ANGGREK NO.34, Kota Bima, Nusa Tenggara Barat",abd
507194,PT,Abc Senina Kelambir Naja,,"JL., Kota Medan, Sumatera Utara",abc
1249992,PT,Aba Rahmatan Nusantara,81327563441,"Randu Rejo, Kabupaten Karanganyar, Jawa Tengah",aba
1268462,PT,Abd Abadi Jaya,87772667545,"LINGKUNGAN SERDANG BARAT, Kota Cilegon, Banten",abd
638035,PT,Abc Kogen Dairy,,"menara imperium lantai 17, suite c, jalan hr rasuna said kavling 1, Jakarta Selatan, DKI Jakarta",abc
1313139,PT,Abd Jaya Ibu,81219620008,"LINGKUNGAN SERDANG BARAT, Kota Cilegon, Banten",abd
1269343,PT,Aba Perkasa Food,81233861293,"Perumahan Graha Penta AH 21, Kabupaten Sidoarjo, Jawa Timur",aba
1795969,PT,Abd Rosid Technic,81235353501,"Perumahan Grand Residence City Cluster Prapanca 2 BB 17/15, Kabupaten Bekasi, Jawa Barat",abd
646898,PT,Abc Bali Laut,,"MILLENNIUM CENTENNIAL CENTER LT.1 UNIT A&H JL JEND. SUDIRMAN KAV 25, Jakarta Selatan, DKI Jakarta",abc
1290655,PT,Abd Jaya Family,87771239494,"JL. RAYA CILEGON, KP. BLOSONG, Kabupaten Serang, Banten",abd
1285868,PT,Aba Surya Energi,882220515720,"Jl. Agung, Kabupaten Semarang, Jawa Tengah",aba
654330,PT,Abc Mobilindo Utama,,"Kaveling Polri Blok F-VIII No. 1568-A, Jakarta Barat, DKI Jakarta",abc
1312690,PT,Restu Aba Sejahtera,82213666094,"Perum Bukit Emas BlokF-3 No.19, Kabupaten Gresik, Jawa Timur",aba
52022,PT,Kabasu Abe Libe,,"JL. SUKABANGUN II SOAK SIMPUR, KOMP TAMAN SEJAHTERA BLOK B6., Kota Palembang, Sumatera Selatan",abe
668096,PT,Abc Global Investment,0,"SENAYAN SUITES, JL. TENTARA PELAJAR NO. 178, Jakarta Selatan, DKI Jakarta",abc
119387,PT,Abe Mandiri Sejahtera,,"KOMP. REPINDO INDUSTRIAL PARK BLOK A2/9, Kota Batam, Kepulauan Riau",abe
1343375,PT,Aba Mulia Sejahtera,81520300396,"JALAN RAYA PURWODADI PATI KM 5, Kabupaten Grobogan, Jawa Tengah",aba
787805,PT,Abc Goodluck Indonesia,,"Perkantoran TOHO Blok B/15, Kota Administrasi Jakarta Utara, DKI Jakarta",abc
234304,PT,Abe Mandiri,,"JL.RAYA BATULICIN, NO.3,RT 24,DS. KAMPUNG BARU, Kabupaten Tanah Bumbu, Kalimantan Selatan",abe
838519,PT,Abc Investama Indonesia,,"Rukan Artha Gading Niaga Blok D28, Jl. Boulevard Artha Gading, Jakarta Utara, DKI Jakarta",abc
1433343,PT,Aba Satu Alcena,85859747500,"Perumahan Graha Indah Blok G-24, Kota Surabaya, Jawa Timur",aba
939829,PT,Abc Cooking Studio Indonesia,,"RUKAN ARTHA GADING NIAGA BLOK D28, JL. BOULEVARD ARTHA GADING, Jakarta Utara, DKI Jakarta",abc
243560,PT,Abe Bintang Persada,81390407041,"JALAN CEMPAKA PUTIH NOMOR 8 DERESAN, CT X, SANTREN, Kabupaten Sleman, Daerah Istimewa Yogyakarta",abe
245138,PT,Abe Teknik Indonesia,,"Jl. Raya Kebon Kelapa No. 313 A, Kabupaten Bekasi, Jawa Barat",abe
953756,PT,Cahaya Ayu Abc,8115578758,"JL. PANGKALAN, Kota Samarinda, Kalimantan Timur",abc
255879,PT,Abe Logistics Indonesia,313577806,"JL.PERAK TIMUR NO. 148, Kota Surabaya, Jawa Timur",abe
1032094,PT,Abc Networks Indonesia,819802696,"Rukan Italian Walk Blok B/45
Jl. Boulevard Barat Raya, Jakarta Utara, DKI Jakarta",abc
371535,PT,Abe Barokah Jaya,,"Sorowako, Kabupaten Luwu Timur, Provinsi Sulawesi Selatan, Kabupaten Luwu Timur, Sulawesi Selatan",abe
1068817,PT,Abc Family Group,81363222968,"JORONG LUBUK LESUNG NAGARI PULAU MAINAN KECAMATAN KOTO SALAK KABUPATEN DHARMASRAYA, Kabupaten Dharmasraya, Sumatera Barat",abc
427433,PT,Abe Kogyo Indonesia,218904210,"Karawang International Industrial City (KIIC) Jl. Permata Raya Lot C-3B, Kabupaten Karawang, Jawa Barat",abe
1093755,PT,Abc Aid Aim,85338520911,"Dusun Gili Meno, Kabupaten Lombok Utara, Nusa Tenggara Barat",abc
1758717,PT,Abf Kaya Abadi,85890005102,"Graha Laras Sentul Munich Blok D1, Nomor 3, Kabupaten Bogor, Jawa Barat",abf
494099,PT,Abe Jaya Sejati,,"Jl., Kota Bekasi, Jawa Barat",abe
1183786,PT,Cahaya Abc Express,81253381168,"BALIMATRAMAN, Jakarta Selatan, DKI Jakarta",abc
503416,PT,Abe Bangun Bawana,,"Ruko Puri Bintara Regency Blok S No. 1, Kota Bekasi, Jawa Barat",abe
1187277,PT,Abc Tama Production,8115139728,"Jalan Gatot Subroto Nomor 1 Ruko Nomor 4 & 5, Kota Banjarmasin, Kalimantan Selatan",abc
560725,PT,Abe Transindo Perkasa,,"JL.PERAK TIMUR NO. 148 RUANG C, Kota Surabaya, Jawa Timur",abe
1200683,PT,Abc Jaya Sejahtera,2122162722,"JL. TEUKU UMAR GANG KANTOR POS TELAGA ASIH, Kabupaten Bekasi, Jawa Barat",abc
700116,PT,Abe Teknik Rekayasa,,"Komplek Nusantara Golden Blok B nomor 3, Kota Batam, Kepulauan Riau",abe
775641,PT,Starindo Abe Gael,,"SUKOREJO, Kabupaten Malang, Jawa Timur",abe
788965,PT,Abe Agung Berlian,,"GEDUNG GRAHA MAMPANG, JL. MAMPANG PRAPATAN RAYA KAV. 100 LT. 1 SUITE 101, Kota Administrasi Jakarta Selatan, DKI Jakarta",abe
807185,PT,Abe Jaya Properti,,"JALAN KEBUN SAYUR, PERUMAHAN GRIYA PONDOK INDAH BLOK A NO.1, Kota Pare Pare, Sulawesi Selatan",abe
946876,PT,Abe Phistar Energi,,"GRAHA MAMPANG LT. 3A, JL. MAMPANG PRAPATAN RAYA NO.100, Jakarta Selatan, DKI Jakarta",abe
982538,PT,Abe Lapan Lapan,85364439577,"kampung baru, Kabupaten Karimun, Kepulauan Riau",abe
988948,PT,Abe Industri Teknologi,85332705910,"Jalan MTC VIII Blok J Nomor 30, Soekarno Hatta 590, Kota Bandung, Jawa Barat",abe
425616,PT,Abg Dua Putra,8114102585,"JL. TODDOPULI I BLOK 24 STP I NO.33, Kota Makassar, Sulawesi Selatan",abg
974554,PT,Abg Pharma Indonesia,2121282171,"Menara Bidakara 2 Annex Building 4th Floor, Jalan Gatot Subroto Nomor Kaveling 71-73, Jakarta Selatan, DKI Jakarta",abg
995817,PT,Abe Jaya Konstruksi,81255512387,"Perumahan Taman Anggun Sejahtera IV B-4 Nomor 38, Kabupaten Sidoarjo, Jawa Timur",abe
1301730,PT,Abg Trans Barokah,85868629891,"PONDOK SIDOKARE ASRI BB-11, Kabupaten Sidoarjo, Jawa Timur",abg
1032123,PT,Abe Nusantara Perkasa,812110073480,"Rabithah Alawiyah Building, Jl. TB Simatupang No. 7A, Jakarta Selatan, DKI Jakarta",abe
2327325,PT,Abg Expert Propertindo,82287782223,"Komp Ruko The Capital Superblok Imperium Blok B No 19 -20, Kota Batam, Kepulauan Riau",abg
1461456,PT,Aba Berkah Semesta,82136631686,"Wirorejan, Kabupaten Sragen, Jawa Tengah",aba
1481229,PT,Rumah Terapi Aba,82216743681,"JALAN CITRA KEBUN MAS BLOK C 9 NOMOR 01, Kabupaten Karawang, Jawa Barat",aba
1559993,PT,Aba Media Telekomunikasi,2182696175,"Jl. Cempaka Bekasi Timur, Corsica Residence No. 91, Kabupaten Bekasi, Jawa Barat",aba
1227805,PT,Abc Ind Inc,821037472489,"Lantai 2 No.62 The Darmawangsa Square, Jl.Darmawangsa VI & IX, Jakarta Selatan, DKI Jakarta",abc
1577013,PT,Aba Safar Trans,81368858707,"KP. JAMPANG GG. NUSA BANGSA, Kabupaten Bogor, Jawa Barat",aba
1631533,PT,Berkah Aba Tourindo,82334444708,"Dsn Pangmasaran, Kabupaten Sampang, Jawa Timur",aba
1302998,PT,Abc Distribusi Indonesia,212701181,"Graha Iskandarsyah Lantai 6, Jalan Iskandarsayah Raya no. 66 C, Jakarta Selatan, DKI Jakarta",abc
1662205,PT,Abi Aba Barokah,85233062225,"JL. MAYJEN SUTOYO, Kabupaten Probolinggo, Jawa Timur",aba
1411000,PT,Abc Bersaudara Sejahtera,811395401,"Jl. Buana Raya No.88 Y, Kota Denpasar, Bali",abc
1734821,PT,Aba Putra Jaya,81210914216,"BLIMBING KIDUL, Kabupaten Kudus, Jawa Tengah",aba
1413968,PT,Abc Solusi Indonesia,6281287042676,"Jl. Mampang Prapatan Raya No 73A Lantai 3 RT 010/002, Jakarta Selatan, DKI Jakarta",abc
1777033,PT,Aba Multi Perkasa,85361655616,"JL. M. Yakub Lubis No. 215, Kabupaten Deli Serdang, Sumatera Utara",aba
1531929,PT,Abc Export Import,82266644401,"Jalan Tomang Raya Blok MM Kav 557 lt 3 No 51E, Jakarta Barat, DKI Jakarta",abc
2007332,PT,Aba Jaya Sentosa,89517065197,"PERUMAHAN SILATURAHIM RESIDENCE I NO. 24, JL. MASJID SILATURAHIM, Kota Bekasi, Jawa Barat",aba
1638433,PT,Abc Investment Management,81901885888,"RUKAN THE GOLF ISLAND BLOK D NOMOR 070B TYPE PLUS (RGID/070) PANTAI INDAK KAPUK, Jakarta Utara, DKI Jakarta",abc
2149414,PT,Aba Widiwasa Karya,82213315091,"JL. GADING KIRANA TIMUR A.11/15, Jakarta Utara, DKI Jakarta",aba
1743625,PT,Abc Mega Sentosa,818930730,"Cluster Verina Blok G No. 7, Kota Tangerang Selatan, Banten",abc
2168565,PT,Aba Glomindo Mulia,81381854208,"INFINITI OFFICE, MENARA CAKRAWALA LT 12, UNIT 1205A, JL. M.H. THAMRIN NO.9, Jakarta Pusat, DKI Jakarta",aba
1334133,PT,Abh Sentosa Lestari,81808779027,"Jalan Jati IV/32, Taman Royal 3, Tangerang, Kota Tangerang, Banten",abh
1745713,PT,Abc Properti Managemen,8385522999,"PURI SENTRA RAYA PS 2/15, Kota Surabaya, Jawa Timur",abc
2168709,PT,Aba Glomindo Makmur,81381854208,"INFINITI OFFICE, MENARA CAKRAWALA LT 12, UNIT 1205A, JL. M.H. THAMRIN NO.9, Jakarta Pusat, DKI Jakarta",aba
1050120,PT,Abe Joyo Trans,81332933449,"Kawistolegi, Kabupaten Lamongan, Jawa Timur",abe
1752897,PT,Abc Solution Service,82246569842,"TIERRA SOHO BLOK E-03, JL. RAYA DARMO HARAPAN NO. 01, Kota Surabaya, Jawa Timur",abc
2212786,PT,Aba Glomindo Perkasa,81381854208,"INFINITI OFFICE, MENARA CAKRAWALA LT 12, UNIT 1205A, JL. M.H. THAMRIN NO.9, Jakarta Pusat, DKI Jakarta",aba
1073875,PT,Abe Toba Kopi,81259832225,"Jalan Lobu Siregar Km 1.5, Kabupaten Tapanuli Utara, Sumatera Utara",abe
1808425,PT,Abc Sukses Dot Com,82226458008,"GG MANGGIS C UJUNG NO. 03, Kota Medan, Sumatera Utara",abc
2385605,PT,Aba Progo Sejahtera,816262510,"Jl. Srinindito Raya No. 37, Kota Semarang, Jawa Tengah",aba
2436009,PT,Aba Energi Nusantara,8816885314,"SETIABUDI 2 BUILDING LANTAI 3A SUITE 3A04B JALAN HAJJAH RANGKAYOH RASUNA SAID KAVLING 62, Jakarta Selatan, DKI Jakarta",aba
1871813,PT,Abc World Trade,85337775698,"JALAN RATNA NOMOR 80, Kota Denpasar, Bali",abc
1171849,PT,Abe Priwata Indonesia,811315382,"Desa Jabaran, Kabupaten Sidoarjo, Jawa Timur",abe
1257085,PT,Aba Telekomunikasi Indonesia,82258257882,"JALAN WARINGIN JAYA, Kabupaten Bogor, Jawa Barat",aba
1996900,PT,Abc International Commodity Retail,81998460167,"GEDUNG ALAMANDA BALI 5TH FLOOR, JALAN BYPASS NGURAH RAI NOMOR 67, LINGKUNGAN KERTHAYASA, Kabupaten Badung, Bali",abc
1208421,PT,Abe Wasser Indonesia,81394041181,"JALAN BABARSARI NOMOR 9A, DEPOK, SLEMAN 55281, Kabupaten Sleman, Daerah Istimewa Yogyakarta",abe
2547505,PT,Aba Mandiri Sejahtera,81319918814,"Taman Wisma Asri 2, Jl. Srikaya V Blok AA 32/21, Kota Bekasi, Jawa Barat",aba
2016328,PT,Abc Indo Line Trader,81938757916,"The Plaza Office Tower, Jl. M.H. Thamrin No.Kav. 28-30 41ST FLOOR, Jakarta Pusat, DKI Jakarta",abc
1232501,PT,Abe Cipta Indonesia,8118866206,"GEDUNG JAYA LANTAI 9 BLOK A02 JL. M.H. THAMRIN NO. 12, Jakarta Pusat, DKI Jakarta",abe
2024728,PT,Abc International Education,8118068867,"JALAN PEMBANGUNAN 3 NO. 45A, Kota Tangerang, Banten",abc
1269358,PT,Abe Utama Solusindo,81212811842,"Ruko Horizon Broadway M5/2, The Icon BSD, Kabupaten Tangerang, Banten",abe
2085356,PT,Abc Indicate Trader,81228659307,"Jl. Suweta, Lingkungan Banjar Sambahan, Kabupaten Gianyar, Bali",abc
1287522,PT,Abe Indonesia Berjaya,2177216834,"JL. SILIWANGI NO.15, Kota Depok, Jawa Barat",abe
118205,PT,Berkah Abi,,"Jalan Raya Condet Nomor 22, Jakarta Timur, DKI Jakarta",abi
2129512,PT,Abc Mega Investama,218282888,"MENARA IMPERIUM LANTAI 17, SUITE C, JL. H.R. RASUNA SAID KAV. 1, Jakarta Selatan, DKI Jakarta",abc
1307867,PT,Abe Narra Media,8117445450,"PERUMAHAN PURI MAYANG CLUSTER CASABLANCA, Kota Jambi, Jambi",abe
132523,PT,Abi Compositech,,"JL.NURUL IMAN I/33,RT.008/02,DURI KOSAMBI,CENGKARENG,JAKARTA BARAT, Jakarta Barat, DKI Jakarta",abi
2194853,PT,Abc Media Mandiri,811190552,"Villa Mutiara Cluster Blok 12 No.9, Kel Bulurokeng, Kec Biringkanaya,
Kota Makassar, Kota Makassar, Sulawesi Selatan",abc
1581505,PT,Abe Mitra Teknik,85892165467,"Perum Dramaga Regensi 3 Blok. F4/7, Kabupaten Bogor, Jawa Barat",abe
230347,PT,Abi Kencana Express Line,,"PURWODADI 1 NO. 88, Kota Surabaya, Jawa Timur",abi
2213062,PT,Abc Brand Management,2122570283,"MENARA SUN LIFE LT. 23-J JL. DR. IDE ANAK AGUNG GDE AGUNG BLOK 6.3, MEGA KUNINGAN, Jakarta Selatan, DKI Jakarta",abc
1632989,PT,Abe Investama Kapital,8116668724,"JALAN RAUDHAH III (KOMPLEK PERUMAHAN MEGA ASRI GUNUNG PANGILUN), Kota Padang, Sumatera Barat",abe
247739,PT,Cipto Abi Perkasa,811404260,"JL.YOS SUDARSO NOMOR 95, Kabupaten Buton Tengah, Sulawesi Tenggara",abi
2295381,PT,Abc Distribusi Retail,85361361000,"JALAN TAMPAK SIRING KJH 7, Jakarta Barat, DKI Jakarta",abc
1661085,PT,Abe Sinergi Solusindo,81319121392,"Jalan Kampung Nyangegeng Gang Amil Sangkin Nomor 08, Kabupaten Bogor, Jawa Barat",abe
261023,PT,Anugerah Abi Farma,,"JL.MENUR PUMPUNGAN 76, Kota Surabaya, Jawa Timur",abi
99152,PT,Abc Future Indonesia,,"MENARA IMPERIUM LT. 17 SUITE C, JL. RASUNA SAID, Jakarta Selatan, DKI Jakarta",abc
279838,PT,Abi Putra Makmur Sentosa,,"JL.URIP SUMOHARJO KOMPLEK PERUMAHAN TAMAN PURI KENCANA BLOK KA 03, Kota Bandar Lampung, Lampung",abi
1733017,PT,Jinan Store Abe,81212668285,"Jl. Kampung Sawah No. 34, Kota Depok, Jawa Barat",abe
283022,PT,Abi Athungga,,"JL.RAYA KAPUK NO.36 RT. 001/003, KEL. KAPUK MUARA, Jakarta Utara, DKI Jakarta",abi
1908137,PT,Pas Abe Cemerlang,81233315322,"RUKO GOLFLAKE RESIDENCE VENICE BLOK B NO 32. LANTAI 2, Jakarta Barat, DKI Jakarta",abe
1284418,PT,Abj Cloud Solutions,85694990660,"Sudirman 7.8 Building, Jalan Jenderal Sudirman Nomor 10, Jakarta Pusat, DKI Jakarta",abj
303690,PT,Abi Zafran Aceh,811685889,"JL.PERDAGANGAN NO.01, BEUREUNUN, Kabupaten Pidie, Aceh",abi
1437707,PT,Abj Paving Banyumas,88980043939,"JL. RAYA KALIORI - PATIKRAJA KM 2, Kabupaten Banyumas, Jawa Tengah",abj
2443977,PT,Abe Dwi Abadi,81354715088,"Jalan Pahlawan No.81 B, Kabupaten Gowa, Sulawesi Selatan",abe
2203170,PT,Abj Lintas Nusantara,881026299829,"PERGUDANGAN GUNUNG ANYAR TAMBAK JALAN GUNUNG ANYAR TAMBAK KAV. 59, Kota Surabaya, Jawa Timur",abj
453287,PT,Abi Tehnik Mandiri,81337623756,"PERUMAHAN GADING FAJAR 2 BLOK C4 Nomor : 2, Kabupaten Sidoarjo, Jawa Timur",abi
2445741,PT,Sampurna Abe Pranatara,8112324234,"SOVEREIGN PLAZA, LANTAI 10, JALAN LETJEN TB. SIMATUPANG KAV. 36, Jakarta Selatan, DKI Jakarta",abe
453841,PT,Abi Daya Akira,2144854935,"JALAN MEDAN Nomor 4 Kav. C-III/2 KAWASAN BERIKAT NUSANTARA MARUNDA, Jakarta Utara, DKI Jakarta",abi
321104,PT,Abe Jaya Perkasa,,"GEDUNG WORLD TRADE CENTER LANTAI 17, JL.JEND.SUDIRMAN KAV.29-31, KARET, Jakarta Selatan, DKI Jakarta",abe
499987,PT,Abi Indah Investama Development,,"JL., DKI Jakarta",abi
2555870,PT,Abe Trade Indonesia,81910099168,"JALAN TENGAH GANG JEPUN 1, Kabupaten Badung, Bali",abe
507197,PT,Abi Transindo Line,,"JL., Kota Surabaya, Jawa Timur",abi
969754,PT,Abe Jaya Properti Indonesia,81255512387,"Perumtas 4 Blok B4 No. 38, Kabupaten Sidoarjo, Jawa Timur",abe
515481,PT,Abi Esla Lines Indonesia,,"JL., Kota Surabaya, Jawa Timur",abi
2639573,PT,Abe Jaya Prima,87797842636,"Jalan Bungur Nomor 21, Jakarta Timur, DKI Jakarta",abe
518701,PT,Radio Swara Abi Baktiinda,,"JL., Kota Bandung, Jawa Barat",abi
2645541,PT,Abe Intekno Indonesia,82283440569,"Jalan Slamet Riyadi Nomor 9, Jakarta Timur, DKI Jakarta",abe
674059,PT,Abi Borneo Services,81387295712,"Jl. Golf, Komp. Perum Citra Megah Blok B No. 24, Kota Banjarbaru, Kalimantan Selatan",abi
2486189,PT,Abc Budaya Center,2155769656,"Jalan Pembangunan 3 nomor 45, Kota Tangerang, Banten",abc
2508553,PT,Abc Indonesia Link,881024123152,"Plaza Simatupang Lantai 6 Unit 3, Jalan TB Simatupang KAV.IS Nomor 01
, Jakarta Selatan, DKI Jakarta",abc
675499,PT,Kenwa Abi Pratama,8119115556,"Jalan Raya Jatimakmur, Kota Bekasi, Jawa Barat",abi
750477,PT,Abi Karya Utama,81271078185,"JALAN RAYA PADANG-BUKITTINGGI NOMOR 17 PALAK ATOK, Kabupaten Padang Pariaman, Sumatera Barat",abi
2524273,PT,Abc Makmur Farma,89605810981,"Jalan ABC NOMOR 38, Kota Bandung, Jawa Barat",abc
776041,PT,Abi Musa Group,81234528748,"JALAN GRIYA DUTA KEMILING PERMAI BLOK A, Kota Bengkulu, Bengkulu",abi
2546229,PT,Abc Fruit Corp,819803350,"WORLD CAPITAL TOWER Lt 10 UNIT 10. Jl. DR. IDE ANAK AGUNG GDE AGUNG Lot B Kav. E1.1 Mega Kuningan, Jakarta Selatan, DKI Jakarta",abc
1512125,PT,Abc Tur Bali,62852389965,"Jl.Mambang Tengah, BR Dukuh Pulu, Kabupaten Tabanan, Bali",abc
816703,PT,Fahru Abi Darda,81318368042,"Jl. Jakarta- Serang Kp. Pelawad, Kabupaten Serang, Banten",abi
2589606,PT,Abc Law Indonesia,3614465488,"Benoa Square lantai 3 suite 4.3 Jl By Pass Ngurah Rai No 21 A
, Kabupaten Badung, Bali",abc
838082,PT,Abi Mega Pratama,,"CIBOGO, Kabupaten Karawang, Jawa Barat",abi
1829081,PT,Abc Bagus Cepat,85210452555,"Ruko Royal Palm Blok A Nomor 15, Jakarta Barat, DKI Jakarta",abc
547717,PT,Heinz Abc Indonesia,,"Menara Mandiri 2 Lantai 20-21, Jalan Jenderal Sudirman Kavling 54-55, Jakarta Selatan, DKI Jakarta",abc
34040,PT,Abc President Indonesia,,"88@kasablanka Tower A Lantai 31 A-H
Jl.Casablanca kav.88, Jakarta Selatan, DKI Jakarta",abc
1417812,PT,Abc Jinyang Indonesia,2122570283,"PODOMORO CITY, SOHO CAPITAL TOWER LANTAI 38, UNIT 3803, JL. LETJEN S. PARMAN, Jakarta Barat, DKI Jakarta",abc
661503,PT,Sumber Cahaya Abc,,"Jalan Ayu Nomor 8 Sungai Liu, Kota Samarinda, Kalimantan Timur",abc
2689549,PT,Abc Perdagangan Internasional,13901865338,"Citra 8 Ruko Aerobliss Blok C3E Nomor 23, Jakarta Barat, DKI Jakarta",abc
1142921,PT,Sekoteng Abc Indonesia,274496906,"Gatak, Kabupaten Sleman, Daerah Istimewa Yogyakarta",abc
1732437,PT,Abe Berkah Silica,82158204442,"Jalan Dr. F.L. Thobing, No. 16, Kilometer 9, Kabupaten Kutai Kartanegara, Kalimantan Timur",abe
1194799,PT,Abk Mitra Tani Jaya Mandiri,0,"KELURAHAN WAMELAI, Kabupaten Muna Barat, Sulawesi Tenggara",abk
940436,PT,Abi Daya Utama,81919037779,"JALAN PUSKESMAS NOMOR 175, Kota Tangerang Selatan, Banten",abi
1308236,PT,Abk Net Solusi,81236743675,"Perumahan Puri Hijau sawangan Blk A No 1, Kota Depok, Jawa Barat",abk
1496905,PT,Abk Laksana Engcon,81222313243,"JL. SRI KUNCORO III NO. 123, Kota Semarang, Jawa Tengah",abk
942819,PT,Abi Mitra Sukses,,"JL. PROF DR SOEPOMO SH NO.23, Jakarta Selatan, DKI Jakarta",abi
2071024,PT,Abk Packaging Indonesia,8161160918,"Jl. Asem Sari 2, Kota Bekasi, Jawa Barat",abk
2130964,PT,Abk Cones Indonesia,31638566785,"Jalan Kapten Tendean Nomor 3, Kota Kediri, Jawa Timur",abk
948323,PT,Abi Komoditi Berjangka,,"MENARA RAJAWALI LANTAI 6, JALAN DR IDE ANAK GDE AGUNG LOT 51, KAWASAN MEGA KUNINGAN, Jakarta Selatan, DKI Jakarta",abi
2587826,PT,Abk Indo Trading,85819732890,"Jalan Raya Pondok Cabe Kav.77 City Point Pondok Cabe Blok B3 Nomor 3, Kota Tangerang Selatan, Banten",abk
957651,PT,Abi Arsa Abadi,81278616200,"RUKO PESONA KHAYANGAN NO 12, Kota Depok, Jawa Barat",abi
959307,PT,Abi Energy Nusantara,8117714996,"Jalan Raden Patah Gedung Graha TBK No.97 Lantai 3, Kota Batam, Kepulauan Riau",abi
990769,PT,Abi Rayya Persada,82384143755,"JALAN JENDERAL SUDIRMAN, Kabupaten Pesisir Selatan, Sumatera Barat",abi
1003563,PT,Abi Jaya Travel,214212760,"Jl. Sumur Batu Raya Gang Cempaka Baru Timur III / 28, Jakarta Pusat, DKI Jakarta",abi
1029084,PT,Abi Tris Mandiri,81370687800,"JALAN PERJUANGAN NO 76C, Kota Medan, Sumatera Utara",abi
46937,PT,Abl Indonesia Offshore,,"WISMA KODEL LT.2, JL.HR.RASUNA SAID KAV.B-4, KARET, JAKARTA., Jakarta Selatan, DKI Jakarta",abl
1039897,PT,Abi Putra Dewa Alam,81222636491,"Kp. CIMAHI, RT 005. RW 003, DESA SUKAMANTRI
KECAMATAN CIKARANG PUSAT, kABUPATEN BEKASI
, Kabupaten Bekasi, Jawa Barat",abi
1125792,PT,Abl Jaya Berkah,0,"Jalan Nusa Indah II BTN Sweta Nomor 335, Kota Mataram, Nusa Tenggara Barat",abl
1274337,PT,Abl Tiga Putra,89667511472,"KAMPUNG KEBAYUNAN, Kota Depok, Jawa Barat",abl
1381035,PT,Eranta Abl Kapital,81296723850,"APARTEMEN NEO SOHO, UNIT 3708, JL. LETJEN S. PARMAN NO.106, Jakarta Barat, DKI Jakarta",abl
1040069,PT,Abi Lumbung Artha,81329532007,"jalan sidomukti nomor 33, Kabupaten Sukoharjo, Jawa Tengah",abi
2504193,PT,Abl Fortune Sukses,81266676783,"KOMPLEK RUKO AIR MAS BLOK A2 NOMOR : 1, Kota Batam, Kepulauan Riau",abl
1057593,PT,Abi Putra Buana,2716727895,"GODENGAN, Kabupaten Sukoharjo, Jawa Tengah",abi
1058396,PT,Abi Jaya Santosa,85607056967,"Dusun Ketanon, Desa Diwek, Kabupaten Jombang, Jawa Timur",abi
1060683,PT,Abi Manyu Sejahtera,214303460,"JL. YOS SUDARSO KAV.85 NO.20-22, Jakarta Utara, DKI Jakarta",abi
1063361,PT,Harapan Sang Abi,215330304,"Wisma IWI Lantai 3 No. 388
Jl. Arjuna Selatan Kav 75, Jakarta Barat, DKI Jakarta",abi
1077529,PT,Abi Berkah Sinergi,81293218999,"JL. WARUNG BUNCIT RAYA NO. 2, Jakarta Selatan, DKI Jakarta",abi
1092022,PT,Abi Perkasa Borneo,8121556157,"JL. Karya Bakti Purwodadi, Kota Samarinda, Kalimantan Timur",abi
1097130,PT,Abi Umi Indonesia,81388710732,"Kampung Dago Girang, Kabupaten Bogor, Jawa Barat",abi
1103986,PT,Wijaya Abi Perkasa,81329455592,"BAGAN, Kabupaten Sragen, Jawa Tengah",abi
137211,PT,Abm Investama,,"GD.TMT 1 LT.18 SUITE 1802, JL.CILANDAK KKONO.1,PASAR MINGGU, Jakarta Selatan, DKI Jakarta",abm
1110250,PT,Abi Karya Maju Bersama,85267470770,"Komplek Perumahan Kartika D-09, Kota Palembang, Sumatera Selatan",abi
359489,PT,Abm Otomotif Batam,,"KOMP.BUMI RIAU MAKMUR BLOK F NO.4, SEI PANAS, Kota Batam, Kepulauan Riau",abm
499991,PT,Abn Amro Hoare Govett Indonesia,,"JL., DKI Jakarta",abn
1113176,PT,Abi Naya Grup,82286523987,"Jln.Prof.Dr.Hamka No.160 Kabupaten Pasaman, Kabupaten Pasaman, Sumatera Barat",abi
673945,PT,Abm Logistik Makassar,8113450410,"VILLA DISCOVERY BLOK B NOMOR 11, Kabupaten Gowa, Sulawesi Selatan",abm
515990,PT,Abn Amro Finance,,"JL., DKI Jakarta",abn
838148,PT,Abm Group International,87770077777,"JL.Taman Putri Gang Jaladi Nomor 008 Mumbul, Kabupaten Badung, Bali",abm
686889,PT,Abn Impact Indonesia,75900614,"SCBD REVENUE TOWER LANTAI 27, JALAN JEND. SUDIRMAN KAV 52-53, Jakarta Selatan, DKI Jakarta",abn
1040244,PT,Abm Indo Logistik,81310978057,"Jl. Letjen Suprapto No. 19 B, Jakarta Pusat, DKI Jakarta",abm
1039412,PT,Abn Sena Indonesia,2187883101994,"Jalan Mandar Blok DD 12-17, Kota Tangerang Selatan, Banten",abn
1213628,PT,Abm Berkat Sempurna,81809192365,"Jalan Saluyu Indah XI Nomor 10, Kota Bandung, Jawa Barat",abm
1306123,PT,Abn Global Property,312977777,"RUKO DARMO VILLA A-12 JALAN DARMO PERMAI SELATAN, Kota Surabaya, Jawa Timur",abn
1352775,PT,Abm Niscala Sejahtera,81281830592,"JL. KELAPA MAS (KABELMAS) NO. 34.A, Kota Bekasi, Jawa Barat",abm
2409273,PT,Abn Global Resources,85176716428,"RUKO DARMO VILLA A-12, JL. DARMO PERMAI SELATAN, Kota Surabaya, Jawa Timur",abn
1564689,PT,Alfath Baitullah Madinah Abm,4114663190,"JALAN TODDOPULI V NOMOR 2, Kota Makassar, Sulawesi Selatan",abm
2414025,PT,Abn Minerals Indonesia,85176716428,"RUKO DARMO VILLA A-12, JL. DARMO PERMAI SELATAN, Kota Surabaya, Jawa Timur",abn
1306005,PT,Abn Global Ventures,312977777,"RUKO DARMO VILLA A-12, Kota Surabaya, Jawa Timur",abn
1624201,PT,Abm Trans Indonesia,85100180234,"jl. LAKSDA ADI SUCIPTO NO. 243, Kota Malang, Jawa Timur",abm
1898349,PT,Abn Sejahtera Mandiri,8118404779,"Villa Gading Harapan 3 Jl. Gading Utama 1 Blok B17 No. 3, Kabupaten Bekasi, Jawa Barat",abn
1667645,PT,Abm Digital Solusi,81210037920,"The Prominence Office Tower Alam Sutera
Jl. Jalur Sutera Barat Alam No.15, Kota Tangerang, Banten",abm
2639585,PT,Abn Sukses Bersama,81398467277,"JL. NIPAH KUNING DALAM, Kabupaten Kubu Raya, Kalimantan Barat",abn
1701153,PT,Abm Group Indonesia,81290410411,"Jln. Jendral sudirman, Kota Jambi, Jambi",abm
2083820,PT,Abm International Ventures,85218335917,"Ruko Galaxy Taman Palem Lestari, Blok K No.79, Jakarta Barat, DKI Jakarta",abm
1133762,PT,Abi Attala Gas,87880383986,"JL. CITANDUI, Kota Tangerang Selatan, Banten",abi
1109596,PT,Atamanna Bara Prima Abp,811111293,"JALAN SIAGA RAYA NOMOR 43, Jakarta Selatan, DKI Jakarta",abp
1135520,PT,Abi Karya Aditama,2715721134,"Jalan Telukan Menur, Kabupaten Sukoharjo, Jawa Tengah",abi
1142479,PT,Dinamika Abi Berkah,217402048,"JL WR. SUPRATMAN NO 66, Kota Tangerang Selatan, Banten",abi
1148375,PT,Pharama Abi Satya,81392226939,"Gadingan Jl. Kaliurang KM. 10,7 No. 409, Kabupaten Sleman, Daerah Istimewa Yogyakarta",abi
1150139,PT,Abi Rama Laboratorium,62215359767,"Gedung Tridana, Jalan Pulomas Selatan Kav. 22, Jakarta Timur, DKI Jakarta",abi
1162490,PT,Abi Husna Jaya,85236266769,"Jl. Jokotole III, Kabupaten Bangkalan, Jawa Timur",abi
1163644,PT,Novelia Abi Manyu,82232722725,"DESA SENDANGMULYO, Kabupaten Blora, Jawa Tengah",abi
1167686,PT,Abi Putra Property,81217127852,"LINGKUNGAN SAWAHAN, Kabupaten Blitar, Jawa Timur",abi
1177460,PT,Abi Mantra Cakrawala,87738999995,"NANGGERANG, Kabupaten Bandung, Jawa Barat",abi
1184334,PT,Abi Zahra Pratama,81382875104,"Jalan Otonom Pasar Kemis Cikupa Gang H. Wahyu No 109, Kabupaten Tangerang, Banten",abi
1186476,PT,Citra Abi Permana,81334128790,"JALAN RS. FATMAWATI, KOMPLEK GOLDEN FATMAWATI BLOK A-12, Jakarta Selatan, DKI Jakarta",abi
1189890,PT,Abi Sukses Abadi,81380332031,"VILA NUSA INDAH 3 BLOK KN. 1/22, Kabupaten Bogor, Jawa Barat",abi
1193541,PT,Kharisma Abi Mandiri,82111000951,"PERUMAHAN SAPPHIRE MADANI BLOK F 17, KARANGSALAM KIDUL, Kabupaten Banyumas, Jawa Tengah",abi
1195054,PT,Mitra Abi Wiasa,81220137542,"Jl. Raya Terusan Padasuka No. 3, Kabupaten Bandung, Jawa Barat",abi
1201953,PT,Lea Abi Trans,89668986623,"Dasana Indah SM-3 Nomor 11, Kabupaten Tangerang, Banten",abi
1213044,PT,Abi Zahra Farma,87715940088,"SENGAYAM, Kabupaten Kotabaru, Kalimantan Selatan",abi
1215583,PT,Abi Mulia Sejahtera,87876949338,"Jalan Raya Banten KM 4.5, Komplek Puri Delta Kasemen Blok D No.2, RT 004, RW 013, Kasemen, Serang, Kota Serang, Banten",abi
1217294,PT,Nurita Abi Sentosa,81357102314,"RT.014 RW.005 DS. KARANGGANDU, Kabupaten Trenggalek, Jawa Timur",abi
1221881,PT,Abi Lana Persada,82325815371,"Trans Sulawesi, Kabupaten Morowali, Sulawesi Tengah",abi
1228360,PT,Artha Abi Aguna,8125718270,"Jl. H.M. Suwignyo Gg. Sabar Komplek Citra Indah 2 No. 11, Kota Pontianak, Kalimantan Barat",abi
241524,PT,Abo Madalex Indonesia,2157946551,"KOMPLEK BUSINESS PARK KEBON JERUK BLOK E2/11, JALAN RAYA MERUYA ILIR NO. 88, Jakarta Barat, DKI Jakarta",abo
1471017,PT,Soelthan Abo Kurir,85391029195,"Jl. Merdeka Barat Gang Sudiro, Kabupaten Sekadau, Kalimantan Barat",abo
1551681,PT,Abo Bara Samudera,8128200813,"JL. KRAKATAU NO. 3 BLOK H5, Kota Bogor, Jawa Barat",abo
1230501,PT,Lentera Abi Jaya,81292704233,"JLN BEDAHAN NOMOR.7, Kabupaten Bogor, Jawa Barat",abi
1232105,PT,Abi Jaya Bersama,81288334735,"Jl Tambolasi Oleo, Kabupaten Konawe Selatan, Sulawesi Tenggara",abi
1237687,PT,Octarez Abi Jaya,89621285004,"JALAN LETKOL ISTIQLAH, NOMOR: 66-A, Kabupaten Banyuwangi, Jawa Timur",abi
1237762,PT,Abi Rizky Anugerah,81294476168,"RUKO BAHAN BANGUNAN BLOK F2 NO. 25 JL. MANGGA DUA RAYA, Jakarta Pusat, DKI Jakarta",abi
1240176,PT,Gentala Abi Praya,81385600586,"DUSUN PASIRANGIN, Kabupaten Bogor, Jawa Barat",abi
1241695,PT,Abi Mitra Dinamika,88801265338,"JALAN KRAMAT BARU NOMOR 2A, Jakarta Pusat, DKI Jakarta",abi
1248681,PT,Abi Duta Indonesia,82300123469,"Perum Bumi Bertuah Blok C, Kota Pekanbaru, Riau",abi
1257185,PT,Dua Putri Abi Manyu,82213048934,"Jl. Tata Sukarta Gang Amiran Kp. Tegal Gede Kamurang, Kabupaten Bekasi, Jawa Barat",abi
1269730,PT,Jaya Abi Samudra,81802505858,"JALAN BLANAK, Kota Tegal, Jawa Tengah",abi
1281042,PT,Abi Rekayasa Engineering,81908046369,"Jl. Raya Pilar Sukatani No. 57, Kabupaten Bekasi, Jawa Barat",abi
1281105,PT,Aisyiah Abi Putra,81252700026,"JL. RAYA TANAH MERAH NO.18A, Kabupaten Bangkalan, Jawa Timur",abi
503420,PT,Abr Indonesia,,"JL., DKI Jakarta",abr
1301243,PT,Abi Nimal Engineering Indonesia,81371067606,"KOMPLEK TUNAS REGENCY BLOK D9 NO. 2, Kota Batam, Kepulauan Riau",abi
966504,PT,Abr Bintan Investments,6591889551,"KP Teluk DLM, Kabupaten Bintan, Kepulauan Riau",abr
2504221,PT,Abr Group International,8131070750,"Plaza Simatupang Lantai 6 Unit 3, Jalan TB Simatupang KAV.IS Nomor 01, Jakarta Selatan, DKI Jakarta",abr
1304013,PT,Laksana Abi Satya,82246666156,"Palem Ganda Asri 2 Blok A Nomor 12 Cluster DD, Kota Tangerang, Banten",abi
2521609,PT,Abr Farm Group,81222019944,"KP. GALUMPIT, Kabupaten Bandung, Jawa Barat",abr
2584050,PT,Abr Mitra Tepat,88293481276,"Jalan Terminal Siantan Nomor A15, Kota Pontianak, Kalimantan Barat",abr
1338572,PT,Abi Atiyan Wisata,0,"JL.SOEKARNO HATTA PULAI ANAK AIR, Kota Bukittinggi, Sumatera Barat",abi
1356091,PT,Mohiyas Abi Sha,85781962010,"Gang Mekar, Kabupaten Bogor, Jawa Barat",abi
1398876,PT,Abi Baraya Alam Nusantara,82119053235,"Jl. Bangbayang Timur No.12/157c, Kota Bandung, Jawa Barat",abi
1405236,PT,Abi Eyza Khanza,85276900410,"Dusun II Sumber Mulyo, Kabupaten Labuhanbatu Utara, Sumatera Utara",abi
1462305,PT,Abi Bersaudara Indonesia,81346221756,"jalan brigjen h.hasan basri nomor 184, Kota Banjarmasin, Kalimantan Selatan",abi
1463305,PT,Anak Abi Indonesia,81346221756,"jalan pelita timur, Kabupaten Kotawaringin Timur, Kalimantan Tengah",abi
1543797,PT,Abi Tour And Travel,81371254977,"Jalan Arifin Ahmad No. 58, Kota Pekanbaru, Riau",abi
1782453,PT,Abt Indonesia International,61738914100,"Satrio Tower Lantai 26 Unit C dan D, Jakarta Selatan, DKI Jakarta",abt
3105,PT,Abs Indoclass Pratama,,"JLGATOT SUBROTO KAV 71-73, SETIABUDI JAK-SEL., Jakarta Selatan, DKI Jakarta",abs
20606,PT,Abs Raya Rubber Works,,"JL. ORDE BARU KM 12,5, DS MULIOREJO, KEC SUNGGAL, Kabupaten Deli Serdang, Sumatera Utara",abs
25394,PT,Abs Industri Indonesia,,"GD. ALUN GRAHA SUITE 006, JL PROF SOEPOMO SH NO. 233, TEBET, Jakarta Selatan, DKI Jakarta",abs
172325,PT,Abs Utama,,"BAKRIE TOWER LT. 38, RASUNA EPICENTRUM, JL. H. R. RASUNA SAID, Jakarta Selatan, DKI Jakarta",abs
408213,PT,Abs Moderen,,"JL. NAMBANGAN 59-A, Kota Surabaya, Jawa Timur",abs
496729,PT,Abs Sakti Industri,,"JL., DKI Jakarta",abs
1069931,PT,Abs Global Indonesia,2150645090,"Sona Topas Tower, Lantai 8, Unit 8-06, Jalan Jenderal Sudirman Kaveling 26, Jakarta Selatan, DKI Jakarta",abs
1089925,PT,Abs Jaya Abadi,2172794092,"Jalan Delman Utama 1 nomor 10, Jakarta Selatan, DKI Jakarta",abs
1613317,PT,Abu Abu Consulting,81237838223,"Jalan Sunset Road No 9A, Basangkasa, Kabupaten Badung, Bali",abu
1096753,PT,Mda Abs Kuningan,2129855777,"Gedung MD PLACE Tower I Lt. Mezzanine
Jl. Setiabudi Selatan No.7, Jakarta Selatan, DKI Jakarta",abs
20671,PT,Abu Suud,,"JL.H.SAMAYA,GN TANJUNG,RT/RW:007/002,RKS BITUNG BARAT, Kabupaten Lebak, Banten",abu
1184431,PT,Abs Consultant Indonesia,81382419792,"JALAN PALATEHAN NOMOR 2, Jakarta Selatan, DKI Jakarta",abs
699338,PT,Karya Abu Fadhil,,"JL SULTAN ADAM KOMPLEKS PONDOK KELAPA 2 NOMOR 63C, Kota Banjarmasin, Kalimantan Selatan",abu
754708,PT,Abu Ali International,,"PUNCAK SANTIKA, Kabupaten Cianjur, Jawa Barat",abu
1266906,PT,Abs Health Consulting,81916057126,"Jl. Penestanan Kelod, Kabupaten Gianyar, Bali",abs
780939,PT,Abu Bakar Avulotion,85326636885,"Jalan Raya Karangdawa - Margasari, Kabupaten Tegal, Jawa Tengah",abu
1286478,PT,Abs Multi Usaha,82122446991,"Gedung Arva Lt. 3 Jl. RP Soeroso no. 40BC, Jakarta Pusat, DKI Jakarta",abs
781934,PT,Abu Mekkah Tour Dan Travel,85216080263,"Jalan Cut Nyak Dhien nomor 650-651, Emperom, Simpang Dodik, Kota Banda Aceh, Aceh",abu
1286500,PT,Abs Sukses Makmur,82122446991,"Gedung Arva Lt. 3 Jl. RP Soeroso no. 40BC, Jakarta Pusat, DKI Jakarta",abs
798526,PT,Abu Nur Abadi,,"JALAN SULTAN BOTUTIHE KOTA GORONTALO, Kota Gorontalo, Gorontalo",abu
1306832,PT,Abs Noval Putra Banyuwangi,85228541442,"DUSUN RESOMULYO, Kabupaten Banyuwangi, Jawa Timur",abs
808085,PT,Tabarak Abu Zubair,81361599638,"Jalan Teuku Hasan Dek Jambotape, Kota Banda Aceh, Aceh",abu
1308827,PT,Abs Multi Teknindo,81219915972,"Jalan Sedap Malam III Nomor 139, Kota Tangerang, Banten",abs
822485,PT,Abu Walad Wisata,811513306,"JALAN GATOT SUBROTO NOMOR 10 D, Kota Banjarmasin, Kalimantan Selatan",abu
1439195,PT,Abs Housing Maju,85810270987,"JL Perjuangan no 7, Jakarta Barat, DKI Jakarta",abs
847142,PT,Abu Ghazaleh Intellectual Property Consulting And Training,216542294,"The Mansion Bougenville Fontana BF 27H2, Jalan Trembesi Blok D4, Kota Tua, Kelurahan Pademangan Timur, Pademangan, Jakarta Utara. 14410, Jakarta Utara, DKI Jakarta",abu
1680769,PT,Abs And Niki Consulting,6596589037,"Promenade Shop S11, Jl.Kayu Tulang No.82, Kabupaten Badung, Bali",abs
1006487,PT,Abu Bakar Lombok,81997666236,"JALAN TGH ZAINUDDIN ABDUL MAJID NOMOR 29, Kabupaten Lombok Timur, Nusa Tenggara Barat",abu
1954977,PT,Mda Abs Tamora,8181722630,"Jalan Pantai Berawa Nomor 99, Kabupaten Badung, Bali",abs
1033462,PT,Samara Abu Putra,85941236002,"Dusun Nangka, Kabupaten Situbondo, Jawa Timur",abu
2004652,PT,Abs Jaya Grup,82376025900,"Gang MASJID AL-AZHAR., Kabupaten Rejang Lebong, Bengkulu",abs
1070733,PT,Abu Khalil Indonesia,81908957352,"Thamrin City Lantai Dasar Blok F12A Nomor 03, Jakarta Pusat, DKI Jakarta",abu
2035148,PT,Abs Pratama Sinergi,81235359259,"Jl. Lidah Kulon No.34, Kota Surabaya, Jawa Timur",abs
1075773,PT,Abu Dolar Valasindo,2129023214,"ITC KUNINGAN LANTAI DASAR BLOK C2 No.7, JL. PROF. DR. SATRIO No.18, Jakarta Selatan, DKI Jakarta",abu
1084576,PT,Abu Sasi Risa,82340147134,"DUSUN RASABOU, Kabupaten Dompu, Nusa Tenggara Barat",abu
1105217,PT,Abu Nawas Abadi,87782319272,"RUKO ACACIA NO. 5-6
JL. RAYA SAWANGAN KP. KEKUPU, Kota Depok, Jawa Barat",abu
1133700,PT,Ari Abu Naim,82230480468,"Dsn Langkapan, Kabupaten Blitar, Jawa Timur",abu
1148097,PT,Abu Salma Springbed,85298105009,"DESA HUTABOHU, Kabupaten Gorontalo, Gorontalo",abu
1198989,PT,Abu Raihan Indonesia,81297714213,"KP. JARAKOSTA, Kabupaten Bekasi, Jawa Barat",abu
1211725,PT,Abu Hindi Alasyi,85262222231,"DUSUN GLEUM, DESA BLANG UYOK, Kabupaten Aceh Timur, Aceh",abu
2088684,PT,Abs Selam Nusantara,82260561857,"JALAN PANTAI SILAYUKTI, Kabupaten Karangasem, Bali",abs
2140916,PT,Abs General Trading,2131927508,"GEDUNG JAYA LT. 5 UNIT A6, JL. M. H. THAMRIN NO. 12, Jakarta Pusat, DKI Jakarta",abs
2150233,PT,Abs Sumber Rejeki,82226669368,"Jalan Soerangganti Nomor 368 Dusun Susukan Kidul, Kabupaten Banyuwangi, Jawa Timur",abs
2280433,PT,Abs Mulia Logistik,81328309628,"Jl. Halmahera No.15A, Pundungputih, Kabupaten Semarang, Jawa Tengah",abs
2423329,PT,Abs Jaya Maksimal,81112010012,"Gedung Wirausaha Lantai 1 Unit 104, Jalan HR Rasuna Said Kav. C-5, Jakarta Selatan, DKI Jakarta",abs
2502249,PT,Abs Lintas Samudra,85390909919,"Jalan Ahmad Yani Baran Tiga Meral, Kabupaten Karimun, Kepulauan Riau",abs
2543161,PT,Abs Karya Mandiri,882006978907,"suwawal, Kabupaten Jepara, Jawa Tengah",abs
818566,PT,Abs Multimedia Indonesia,82260006941,"Vila Ilhami Balaraja, Blok E/3&4, Desa Perahu, Kabupaten Tangerang, Banten",abs
1832509,PT,Abs Jaya Makmur,81274165359,"Jalan Raya Berok, Gang Masjid Al Ansor, Kabupaten Bangka Tengah, Kep. Bangka Belitung",abs
2682689,PT,Abs Jaya Indonesia,82169503335,"KOMPLEK TRIKARSA EKUALITA BLOK N NO. 03, Kota Batam, Kepulauan Riau",abs
1222831,PT,Crathon Abu Perkasa,81350463555,"Perumahan Balikpapan Regency, Jl. Syarifuddin Yoes Ruko Blok W5, No. 16, Kota Balikpapan, Kalimantan Timur",abu
1223643,PT,Abu Yatama Arisal,2180627000,"JL. RAYA PONDOK TIMUR NO. 165 Kp. RAWA SAPI, Kabupaten Bekasi, Jawa Barat",abu
1229731,PT,Abu Atta Travel,811766506,"KOMPLEK RUKO ROYAL PLATINUM II NO.8B-C, JL MELATI KECAMATAN TAMPAN KOTA PEKANBARU RIAU, Kota Pekanbaru, Riau",abu
1232849,PT,Abu Jambari Aquatic,82167305097,"JALAN NASIONAL, Kabupaten Nagan Raya, Aceh",abu
1242942,PT,Abu Sujak Bersinergi,87705422012,"Jl. Glondong-Metes Km. 1, Karangasem Pedes, Kabupaten Bantul, Daerah Istimewa Yogyakarta",abu
1246661,PT,Abu Barkhiya Sani,81584236915,"JALAN TANAH KOJA 2 NOMOR 35, Jakarta Timur, DKI Jakarta",abu
1260105,PT,Abu Wafa Trading International,82177187717,"JALAN LINTAS TIMUR KM 35 LK III, Kabupaten Ogan Ilir, Sumatera Selatan",abu
1268152,PT,Famili Abu Hasan,87765881308,"DUSUN KEBON INDAH, Kabupaten Lombok Barat, Nusa Tenggara Barat",abu
1276392,PT,Abu Bakar Berkah,81328897272,"RUKO IVY PARK A-16, Kota Semarang, Jawa Tengah",abu
1277440,PT,Fortuna Abu Zaid,81263654343,"JALAN UTAMA PASIR PANJANG, Kabupaten Kotawaringin Barat, Kalimantan Tengah",abu
1278892,PT,Abu Zein Batara,81289736734,"JALAN NEGARA MUARA TEWEH - BANJARMASIN, Kabupaten Barito Utara, Kalimantan Tengah",abu
1280018,PT,Abu Amer Trading,2131904292,"Griya Upakara Lt.3A, Jl Cikini IV No.10, Jakarta Pusat, DKI Jakarta",abu
1281874,PT,Abu Bakar Mewah Global,82149912558,"Jalan Perjuangan, Komplek Ruko Mulia Nomor 03, Kabupaten Banjar, Kalimantan Selatan",abu
1304133,PT,Sultan Abu Cahaya,818883018,"Jalan Deplu Raya Nomor 1B, Jakarta Selatan, DKI Jakarta",abu
1316027,PT,Abu Bara Indonesia,82122070040,"JL. PUE BONGO NO. 31, Kota Palu, Sulawesi Tengah",abu
1322997,PT,Abu Nawas Meu Adab,85211479249,"Pasar Samahani, Kabupaten Aceh Besar, Aceh",abu
1374379,PT,Abu Thoriq Tour Dan Travel,87700725423,"JALAN SOEKARNO HATTA (JURUSAN PANCOR-KERUAK), Kabupaten Lombok Timur, Nusa Tenggara Barat",abu
1390103,PT,Berkah Abu Ahmad,81337041114,"ALTIRA BUSINESS PARK D-8, JALAN YOS SUDARSO KAV 85, Jakarta Utara, DKI Jakarta",abu
1392579,PT,Sohail Abu Abddullah,85214055443,"Jalan Suweta, Ubud, Kabupaten Gianyar, Bali",abu
1454297,PT,Abu Dass Trading Indonesia,88973697086,"Lantai 3, Jalan Kyai Haji Mas Mansyur Nomor 56, Jakarta Pusat, DKI Jakarta",abu
1465885,PT,Abx Berjangka Berijalan,8119091971,"GRAHA DMS BANK, JL. KENARI NO. 7, DEMANGAN BARU,, Kabupaten Sleman, Daerah Istimewa Yogyakarta",abx
215500,PT,Aby Persada Technikatama,,"TYTYAN KENCANA BLOK B.3 NO.12A, RT 005, RW 004, KEL. MARGA MULYA, KEC, BEKASI UTARA,, Kota Bekasi, Jawa Barat",aby
383946,PT,Putra Aby,,"JL.SATRIO WIBOWO SELATAN 11, RT 01/04, PURWOSARI,LAWEYAN, Kota Surakarta, Jawa Tengah",aby
1454409,PT,Abu Jaya Aluminium,81286889080,"Kampung Ranca Sedang, Kabupaten Tangerang, Banten",abu
952196,PT,Aby Sejahtera Abadi,,"WANAJAYA, Kabupaten Karawang, Jawa Barat",aby
1473917,PT,Indo Abu Yusuf International Trading,811506161,"Jl. Maulana Hasanudin No. 35, Kota Tangerang, Banten",abu
978345,PT,Aby Karya Mandiri,818795660,"PURI PERTIWI ASRI BLOK A NO. 9, Kabupaten Sukoharjo, Jawa Tengah",aby
1525305,PT,Abu Dodika Group,85395544632,"Perumahan Pone Garden, Kabupaten Gorontalo, Gorontalo",abu
1090395,PT,Berkah Aby Lumintu,81386865754,"Jalan K.H. Wahid Hasyim Ruko Anugerah 2 No. 11, Kota Tangerang Selatan, Banten",aby
1540069,PT,Abu Zaid Mubarok,81266155151,"JL. RAYA PAYAKUMBUH LINTAU, Kabupaten Lima Puluh Kota, Sumatera Barat",abu
1210860,PT,Aby Abbasy Medikal Gas,81282110029,"Perumahan Permata Cibubur Cluster Pheonix Blok K2 Nomor 26, Kabupaten Bogor, Jawa Barat",aby
1576929,PT,Berkah Abu Faya,81218943943,"Jl. Tole Iskandar No. 71 Ruko No. 4, Ruko Sinar Logam, Kota Depok, Jawa Barat",abu
1216311,PT,Aby Bintang Fajar,711570084,"JL. BELIDA RAYA BLOK KK NO.06-2327 PERUM PUSRI, Kota Palembang, Sumatera Selatan",aby
1644673,PT,Abu Ali Real Estate,216540177,"The Mansion Bougenville Fontana (Office Space Unit BF Lt. 10 No. K1) Jl. Trembesi Blok D, Jakarta Utara, DKI Jakarta",abu
1252938,PT,Aby Raya Mandiri,81334040000,"Jl. Perumahan Bukit Dago Blok H1-12, Kabupaten Bogor, Jawa Barat",aby
1671421,PT,Abu Huraira International Trading,83897897834,"Jalan Raya Condet Office Nomor 021, Jakarta Timur, DKI Jakarta",abu
1272434,PT,Aby Apotekku Bersinar,81239338196,"JALAN MERDEKA NOMOR 8, BANJAR DAUH PALA, Kabupaten Tabanan, Bali",aby
1674453,PT,Alfian Abu Perkasa,81355962444,"Jl. Andi Tendriadjeng, Kota Palopo, Sulawesi Selatan",abu
1400420,PT,Aby Karya Usaha,81563965595,"Puri Pertiwi Asri Blok A Nomor 9, Kabupaten Sukoharjo, Jawa Tengah",aby
1692865,PT,Abu Fahad Traders,82199666701,"Jalan Nasional 11 Nomor 95/96, Kabupaten Cianjur, Jawa Barat",abu
1570345,PT,Aby Yashika Bali,6285237398359,"JL. NUANSA BUKIT VIII NO. 19, PERUMAHAN KORI NUANSA JIMBARAN II TAHAP II LINGKUNGAN MENESA, Kabupaten Badung, Bali",aby
1699669,PT,Abu Muhib Haromain Tour Dan Treval,81806975409,"DUSUN KARANG DUAK, Kabupaten Pamekasan, Jawa Timur",abu
1708069,PT,Aby Pangan Global,87886782447,"Ruko Terraz Blok IX-C Nomor 72A, Jl. Galuh Mas Raya, Kabupaten Karawang, Jawa Barat",aby
1825509,PT,Alkawthar Awlad Abu Hamad,85293510705,"TELUK AWUR, Kabupaten Jepara, Jawa Tengah",abu
1930961,PT,Aby Medika Mandiri,8561914942,"GRAHA OE KOMP BNI 46, Jl. Dr Ratna No. 1001 - 1005 (No. Ruko 1006), Kota Bekasi, Jawa Barat",aby
1914305,PT,Abu Maryam Bibi,82117777690,"Jalan Nasional 11 Nomor 95.96, Kabupaten Cianjur, Jawa Barat",abu
2037246,PT,Aby Phil Bali,881037574347,"JL.CEMARA NO.4D SANUR KAUH, DENPASAR SELATAN, DENPASAR 80228 BALI., Kota Denpasar, Bali",aby
1934433,PT,Abu Soe Arraina Nur,85349660808,"Jl. KH. Usman Ibrahim, Blok J, No. 99, Kota Samarinda, Kalimantan Timur",abu
2257473,PT,Berkah Bersama Aby,2175916885,"PONDOK PINANG CENTER BLOK C.34, Jakarta Selatan, DKI Jakarta",aby
1945653,PT,Abu Darojat Sejahtera,82227521929,"PUTAT 008/005 KEYONGAN, NOGOSARI, BOYOLALI, Kabupaten Boyolali, Jawa Tengah",abu
2259101,PT,Aby Saputra Mandiri,81398704052,"JALAN BARU SENTIONG NOMOR 03 KAMPUNG COMRANG, Kabupaten Tangerang, Banten",aby
1981676,PT,Abu Abduh Haramain,82123488073,"Jalan Kota Agung Balimbing Dusun Tulung Gistang, Kabupaten Tanggamus, Lampung",abu
1310915,PT,Aby Jaya Bungku,82188783954,"Jl. Dahlia No. 2, Kabupaten Morowali, Sulawesi Tengah",aby
2003968,PT,Abu Semesta Indah,87712698653,"RUKO TANJUNG MAS RAYA B1/37, Jakarta Selatan, DKI Jakarta",abu
271272,PT,Aby Perkasa Mandiri,,"KEDUNG HALANG SUGIH, Kota Bogor, Jawa Barat",aby
2012160,PT,Abu Nawas Dua,83851777548,"Jalan Raya Omben - Proppo, Dusun Butmanceng, Kabupaten Sampang, Jawa Timur",abu
1241704,PT,Aby Medika Sejahtera,8179402618,"JALAN BUKIT TINGGI NOMOR 18, Kabupaten Badung, Bali",aby
2036368,PT,Abu Skala Indonesia,82144852416,"18 Office Park Building, 21th Floor Unit C
Jl. TB Simatupang No.18, Jakarta Selatan, DKI Jakarta",abu
2583310,PT,Putra Aby Mandiri,81367736579,"DUSUN SUKAREJA, Kabupaten Indramayu, Jawa Barat",aby
2103236,PT,Abu Fahad Real Estate,8211110502,"Ciburial Coklat, Kabupaten Bogor, Jawa Barat",abu
2137524,PT,Abu Rayyan Tour,8124240413,"PERUMAHAN ISTIQOMAH MANDAI PERMAI JL. MANGGA BLOK M 16 NO.7, Kabupaten Maros, Sulawesi Selatan",abu
2144424,PT,Abu Bakar International Tour,87773904570,"jalan murai, Kota Metro, Lampung",abu
2215262,PT,Abu Alezz Alhakimi General Trading,85195001220,"MULTI PIRANTI GRAHA JALAN RADIN INTEN II NOMOR 2, ROOM NOMOR G05, Jakarta Timur, DKI Jakarta",abu
2260261,PT,Graha Abu Manshur,8112077177,"Blok Karang Anyar, Kabupaten Cirebon, Jawa Barat",abu
2263621,PT,Abu Dhabi Globalindo,82118856411,"Arcade Business Center PIK, Jalan Pantai Indah Utara 1 Nomor 2, Jakarta Utara, DKI Jakarta",abu
2323869,PT,Abu Sadek Bir Mohammad Investing,85195001220,"MULTI PIRANTI GRAHA JALAN RADIN INTEN II NOMOR 2, Jakarta Timur, DKI Jakarta",abu
2344145,PT,Cahaya Abu Indonesia,81808136443,"JL. PRUMPUNG TENGAH NO. 10, Jakarta Timur, DKI Jakarta",abu
2351273,PT,Abu Noer Internasional,85190444711,"BTN Citra Graha Permai Lawae Lorong 1 Nomor 3, Kabupaten Barru, Sulawesi Selatan",abu
287259,PT,Aca Pacific,2125981100,"Satrio Tower Lantai 19 Unit 10, Jl. Prof. DR. Satrio Kav. C4, Jakarta Selatan, DKI Jakarta",aca
2367469,PT,Abu Ghaith Alshuaibi Trading,2122623243,"Mangga Dua Square Lantai 1 Blok A 33, Jalan Gunung Sahari Nomor 1, Jakarta Utara, DKI Jakarta",abu
454009,PT,Putra Aca Sejahtera,81383501319,"JL. HAJI TEN RAYA, Jakarta Timur, DKI Jakarta",aca
2440329,PT,Abu Taher Abdu Salam And Abul Kashem Abdul Salam Group,85195001220,"MULTI PIRANTI GRAHA JALAN RADIN INTEN II NOMOR 2, Jakarta Timur, DKI Jakarta",abu
655937,PT,Aca Bin Sala Bin,361738373,"JL. PETITENGET NO. 17 D, Kabupaten Badung, Bali",aca
2461933,PT,Abu Nahdi Berkah,8159888879,"JALAN HANOMAN 2 BLOK K1 NO.26, Kota Tangerang, Banten",abu
1056925,PT,Sinar Aca Cemerlang,85343989156,"DESA MINTI MAKMUR, Kabupaten Donggala, Sulawesi Tengah",aca
1270859,PT,Haris Aca Mandiri,85256649933,"Cluster Akasia Tallasa City Blok D3/18, Kota Makassar, Sulawesi Selatan",aca
2478557,PT,Mohammed Zakir Alam Abu Sedeq And Brothers,85195001220,"MULTI PIRANTI GRAHA JALAN RADIN INTEN II NOMOR 2, Jakarta Timur, DKI Jakarta",abu
1272338,PT,Aca Indonesia Sejahtera,817862440,"Jl Melati No 30 E, Jakarta Selatan, DKI Jakarta",aca
1091860,PT,Abu Besi Indonesia,81297330956,"Kp.Bunder Nomor 26, Kabupaten Tangerang, Banten",abu
1669233,PT,Aca Putra Group,81267777001,"JALAN HANG LEKIR KM. 10, Kota Tanjung Pinang, Kepulauan Riau",aca
1118362,PT,Zaabi Khalaf Saif Abu,2917519062,"Jl. Sukamaju I, Kabupaten Bogor, Jawa Barat",abu
1761393,PT,Aca Eco Retreats,87759981708,"Jalan Tukad Pingai Nomor 8B, Kabupaten Badung, Bali",aca
1938069,PT,Aca Madinah Trans,82240298602,"Kavling Pesona Blok F Nomor 6, Kota Depok, Jawa Barat",aca
1274276,PT,Abu Salem Alzeyoudi,857754666666,"Jl Cibural Coklat, Kabupaten Bogor, Jawa Barat",abu
2375885,PT,Aca Dila Sejahtera,82211617704,"Jalan Barau Barau 1 Nomor 22, Kota Jambi, Jambi",aca
2543401,PT,Abu Muhibba Haramain,85129702732,"DUSUN PAYA, Kabupaten Aceh Selatan, Aceh",abu
2458345,PT,Aca Radjawali Palma,82169865293,"DUSUN 3, Kabupaten Penukal Abab Lematang Ilir, Sumatera Selatan",aca
2589310,PT,Abu Nawas Indonesia,881010581331,"Jalan Pepaya 2 Nomor 5, Jakarta Barat, DKI Jakarta",abu
1078514,PT,Aca Pacific Indonesia,85692180074,"JL. SOEKARNO HATTA NO. 18, Kota Balikpapan, Kalimantan Timur",aca
2622929,PT,Aca Harmoni Sinergi,81389038664,"MTH Square, Jalan Letjen M.T Haryono Nomor Kav 10 Ground Floor (GF) A4 A, Jakarta Timur, DKI Jakarta",aca
999764,PT,Rehlah Abu Mahdi Alkaff,87881333801,"Jalan Raya Dewi Sartika Nomor 9, Jakarta Timur, DKI Jakarta",abu
2607076,PT,Abu Rami Ventures,817224822,"Jl. kyai tapa no.1, Jakarta Barat, DKI Jakarta",abu
2632709,PT,Imam Abu Hanifah,81313150105,"Ruko Permata Hijau, Jalan Azalea Raya No.25 Lt 1, Taman Lembah Hijau, Lippo Cikarang, Kabupaten Bekasi, Jawa Barat",abu
2651145,PT,Abu Hassan Trading,89671895466,"Gedung Fancy Mampang, Jl. Mampang Prpt. Raya No.151 Lantai 4 Unit A7, Jakarta Selatan, DKI Jakarta",abu
2642485,PT,Professor Abu Zeid And Family,2157931879,"Gedung STC Senayan Lantai 4 Ruang 31-34 Jl. Asia Afrika Pintu IX, Jakarta Pusat, DKI Jakarta",abu
2689577,PT,Solusi Abu Nawas,87774931034,"Jl. Raya Bungah Sidayu KM 37, Kabupaten Gresik, Jawa Timur",abu
154774,PT,Sinar Jaya Abadi Acc,,"JL. MAPPALA BLOK E23 NO. 2, TIDUNG, RAPPOCINI, Kota Makassar, Sulawesi Selatan",acc
274537,PT,Acc Express,2129032488,"JL.PANTAI INDAH SELATAN RUKO ELANG BOULEVARD BLOK A6, Jakarta Utara, DKI Jakarta",acc
332986,PT,Acc Holidai,2155968385,"ELANG LAUT BOULEVARD PIK JL.PANTAI INDAH SELATAN I BLOK A NO 7, Jakarta Utara, DKI Jakarta",acc
519963,PT,Acc Auto Indonesia,,"Jl., Kota Backlog, Belum Terdaftar *",acc
663163,PT,Sawang Gunung Acc,,"kampung cinangka, Kabupaten Purwakarta, Jawa Barat",acc
755754,PT,Acc Metro Ekspresindo,8119238887,"JL. SUKABUMI NO. 11, Kota Bandung, Jawa Barat",acc
779535,PT,Bagcruiser Acc International,317322921,"KOMPLEK PERGUDANGAN MARGOMULYO PERMAI BLOK B-19, Kota Surabaya, Jawa Timur",acc
817722,PT,Acc Cipta Ekspress,,"JL. LAUTZE RAYA NO. 93, Kota Administrasi Jakarta Pusat, DKI Jakarta",acc
824319,PT,Pabrik Acc Sukses,,"Jalan Wonosari, Perumahan Komplek Griya Tilania Nomor 3A, Kabupaten Bantul, Daerah Istimewa Yogyakarta",acc
947806,PT,Acc Utama Ind,,"Jalan Merdeka Timur No. 17.A, Kota Lhokseumawe, Aceh",acc
1157061,PT,Acc Estates Development,81338822367,"JALAN LINTAS BARAT, Kabupaten Pesisir Barat, Lampung",acc
1190171,PT,Acc Global Sejahtera,8113061993,"Jalan Embong Sawo Nomor 7, Kota Surabaya, Jawa Timur",acc
1257260,PT,Acc Mares Putra,87881030410,"Jalan Ahmad Yani Nomor 174, Kabupaten Garut, Jawa Barat",acc
1290995,PT,Acc Asia Jaya,85526223070,"DESA HARJOSARI LOR, Kabupaten Tegal, Jawa Tengah",acc
1343947,PT,Acc Logistik Kargo,82244430133,"CANDI LEMPUNG BLOK 46 B/12 SURABAYA, Kota Surabaya, Jawa Timur",acc
1372555,PT,Acc Food Bros,811665928,"JALAN TEMBOK AMPANG KUALO NOMOR : 28, Kota Solok, Sumatera Barat",acc
1450993,PT,Acc Marina Kapuk,2129210117,"Ruko Garden House Blok A No.21, Jl. Pantai Indah Kapuk Boulevard, Jakarta Utara, DKI Jakarta",acc
1675845,PT,Jonin Super Acc,82132900995,"GRIYA BABATAN MUKTI III NOMOR B-19, Kota Surabaya, Jawa Timur",acc
1714385,PT,Acc Tech Indonesia,82211880128,"PLAZA AMINTA LANTAI 5/504, JALAN TB SIMATUPANG KAVLING 10, Jakarta Selatan, DKI Jakarta",acc
1812557,PT,Acc Trans Sejahtera,81231336196,"JL. MAYJEN SUNGKONO NO. 09, Kabupaten Gresik, Jawa Timur",acc
2191761,PT,Naila Acc Group,895321297288,"TALANG NANAS, Kabupaten Penukal Abab Lematang Ilir, Sumatera Selatan",acc
2359629,PT,Acc Global Sertifikasi,82143317319,"JALAN PERUM. TAMAN ANGGUN SEJAHTERA 4 BLOK A1 NO.8, Kabupaten Sidoarjo, Jawa Timur",acc
1431859,PT,Acc Overseas Employment Service Indonesia,85947752878,"Ruko Millenium City Nomor SM 65, Kabupaten Bogor, Jawa Barat",acc
2535601,PT,Pai Berkah Acc,82110236677,"JL. PANCORAN VI NO 7C, Jakarta Barat, DKI Jakarta",acc
2491289,PT,Star Grosir Acc,82233820068,"DESA PEKUNCEN, Kabupaten Banyumas, Jawa Tengah",acc
6599,PT,Ace Prima Nusantara,,"P. JAYAKARTA NO.26 BLOK A-20/21 MANGGADUA, DKI Jakarta, DKI Jakarta",ace
31296,PT,Bali Mas Ace Jaya Mandiri,,"JL. GUNUNG SOPUTAN/ P. GALLERIA NOMOR 57, DESA PADANG SAMBIAN KELOD, Kota Denpasar, Bali",ace
40039,PT,Ace Industries Indonesia,,"KOMP. REPINDO INDUSTRI PASAR BLOK DII/7, Kota Batam, Kepulauan Riau",ace
89406,PT,Ace Prodata Cipta Kencana,,"JL..P.JAYAKARTA NO.129 JAKARTA PUSAT, Jakarta Pusat, DKI Jakarta",ace
145797,PT,Ace Mold Tech,,"JL.INDUSTRI SELATAN I BLOK OO NO.1E, Kabupaten Bekasi, Jawa Barat",ace
180635,PT,Ace Quality,87799140999,"JL.ACE 50, DS. DABAG, RT/RW: 04/027, CONDONGCATUR, DEPOK, Kabupaten Sleman, Daerah Istimewa Yogyakarta",ace
222135,PT,Ace Metal Indonesia,,"JL.DUKUH KUPANG KOMPLEK BINTANG DIPONOGORO KAV.837, Kota Surabaya, Jawa Timur",ace
257935,PT,Ace Automation,,"RUKO CILINCING PLAZA A1/5, KEC. CILINCING, JAKARTA UTARA, Jakarta Utara, DKI Jakarta",ace
263707,PT,Ace Super Ekonomi,,"JL. SUNSET ROAD NOMOR: 88 - 99, Kabupaten Badung, Bali",ace
288455,PT,Design Ace,,"RS. FATMAWATI NOMOR 14, Jakarta Selatan, DKI Jakarta",ace
310174,PT,Ace Trading,,"Jl.Dewi Sri IV No. 78A, Kabupaten Badung, Bali",ace
411449,PT,Ace Global Teknindo,,"JL.CILINCING PAGI RAYA NO.11 RT 002/05, KEL CILINCING, Jakarta Utara, DKI Jakarta",ace
436569,PT,Paz Ace Indonesia,,"KOMP. RUKO BINTANG RAYA BLOK C NO. 1, Kota Batam, Kepulauan Riau",ace
444255,PT,Triple Ace,,"Jalan Raya Jakarta Bogor KM 34,5, Kota Depok, Jawa Barat",ace
496731,PT,Ace Panbrush Industry,,"JL., Kota Bogor, Jawa Barat",ace
548778,PT,Ace Engineering & Construction,,"Komplek Golden Plaza Fatmawati Blok J No.16-17. JL. RS. Fatmawati No.15., Jakarta Selatan, DKI Jakarta",ace
645853,PT,Ace Batam Mandiri Internasional,778471018,"Nagoya Central Blok B Nomor : 1-6, Kota Batam, Kepulauan Riau",ace
651601,PT,Ace Bio Care,,"Mega Glodok KEmayoran Jl. Angkasa Kav B6 Blok A-21, Jakarta Pusat, DKI Jakarta",ace
659113,PT,Ace Global Hotel,81353764299,"JL. BYPASS NGURAH RAI NO.555, Kota Denpasar, Bali",ace
665279,PT,Ace Internasional Logistiks,216122403,"RUKO METRO SUNTER BLOK Q NOMOR 6, JALAN METRO KENCANA VII, Jakarta Utara, DKI Jakarta",ace
37678,PT,Acg Indonesia,,"GADING KIRANA BARAT IX BLOK C 10/26, Jakarta Utara, DKI Jakarta",acg
2260513,PT,Acg Indo Group,87763336999,"Desa Kuta, Kabupaten Lombok Tengah, Nusa Tenggara Barat",acg
666671,PT,Ace Logistik Indonesia,2182623239,"RUKO PASAR MODERN GRAND WISATA PR 6 No 12, Kabupaten Bekasi, Jawa Barat",ace
711716,PT,Alpha Ace Indonesia,,"Ruko Darmawangsa Square Nomor 7 Lantai 4, Jalan Darmawangsa VI, Jakarta Selatan, DKI Jakarta",ace
749945,PT,Ace Drive Indonesia,,"Lindeteves Trade Center, lt 1 Blok C6, Jalan Hayam Wuruk 127, Jakarta Pusat, Jakarta Barat, DKI Jakarta",ace
753472,PT,Ace Property Development,8117711583,"Jalan Lingkar Selatan Perumahan Bukit Permai A2 Nomor 02, Kota Serang, Banten",ace
780915,PT,Ace Jaya Indo Realty,,"Jl. Petireman No. 1A, Kota Cirebon, Jawa Barat",ace
780940,PT,Ace Jaya Indo Investama,,"Jl. Petireman 1 A, Kota Cirebon, Jawa Barat",ace
783293,PT,Ace Living Concept,2129607200,"GEDUNG PERKANTORAN PRUDENTIAL CENTRE KOTA KASABLANKA, LANTAI 22 UNIT- A ROOM 2232, JALAN CASABLANCA KAVLING 88, Jakarta Selatan, DKI Jakarta",ace
801800,PT,Ektech Eureka Ace Indonesia,,"Epicentrum Walk, 5th Floor, Suites South 529, Jl. HR Rasuna Said, Jakarta Selatan, DKI Jakarta",ace
837862,PT,Ace Distrindo Sejahtera,,"JL. DAAN MOGOT II KOMPLEK GOLDEN VILLE NO.88.AP, Jakarta Barat, DKI Jakarta",ace
963220,PT,Ace Toko Bali,,"Ruko Cilegon Green Mega Blok D. 03 No. 07 - 08, Kota Cilegon, Banten",ace
968926,PT,Ace Karya Indonesia,85283244826,"Jalan Tanjung I Blok J.3/11 Bumi Serpong Damai, Kota Tangerang Selatan, Banten",ace
986170,PT,Ace Real Estate,3619006852,"Jalan Melasti, Banjar Dinas Tegal Gundul, Kabupaten Badung, Bali",ace
988966,PT,Cloud Ace Integra,2139506875,"Menara Caraka, lantai 9, unit 1 - 4, Jalan Mega Kuningan Barat Blok-E.4.7 nomor 1, Kawasan Mega Kuningan, Jakarta Selatan, DKI Jakarta",ace
1025496,PT,Pacific Ace Indonesia,6597332281,"GoWork Plaza Indonesia 5th Floor Mezzanine Private Office#266, Jalan M.H. Tharmin Kavling 28-30, Jakarta Pusat, DKI Jakarta",ace
1026120,PT,Ace Antenna Indonesia,2180511500,"AIA Central, Level 31, Jalan Jenderal Sudirman Kavling 48A, Jakarta Selatan, DKI Jakarta",ace
1051052,PT,Ace Medika Buwana,81399066485,"Jl. Galur Nomor 255, Kota Tangerang Selatan, Banten",ace
1051217,PT,Ace Logistik Nusantara,81362770007,"Jalan Mayjend. Sungkono No. 89, Tower Skyloft Soho, lantai 26 No. 88, Kota Surabaya, Jawa Timur",ace
1065064,PT,Ace Pura Indo,81266131838,"Ruko Taman Pesona Indah Blok B Nomor 11, Kota Batam, Kepulauan Riau",ace
1073732,PT,Ace Mandiri Timika,82144514444,"PERUMAHAN PONDOK AMOR INDAH BLOK C1 NOMOR 39, Kabupaten Mimika, Papua",ace
1098635,PT,Ace Line Adhinatha,82225222604,"baledono, Kabupaten Purworejo, Jawa Tengah",ace
1109304,PT,Ace Wija Internasional,8129339599,"Jl. Arjuna Selatan Nomor 4-A, Jakarta Barat, DKI Jakarta",ace
1140155,PT,Ace Cahaya Utama,212929889,"Jl. Raya Prancis, Komplek Pergudangan Kosambi Permai Blok O No. 3, Kabupaten Tangerang, Banten",ace
1146127,PT,Ace Fasion Indonesia,81904083878,"Jalan K.H. Moh. Mansyur Nomor 8 (GG Unitas), Jakarta Barat, DKI Jakarta",ace
1186469,PT,Ace Properti Indonesia,213862413,"JL. PEJAMBON 1 NO. 8, Jakarta Pusat, DKI Jakarta",ace
1191117,PT,Ace Bali Consulting,8197873379,"JL. MERTANADI NO. 86E, LINGKUNGAN TAMAN MERTHANADI, KELURAHAN KEROBOKAN KELOD, KECAMATAN KUTA UTARA, BADUNG, Kabupaten Badung, Bali",ace
1192604,PT,Ace Cahaya Indonesia,82213322133,"KOMPLEKS UNHAS ANTANG
JL. ARKEOLOGI RAYA BLOK B 4, Kota Makassar, Sulawesi Selatan",ace
1206090,PT,Ace Pharma Indonesia,81908208208,"JL.I GUSTI NGURAH RAI RUKO PONDOK KOPI No.13, Jakarta Timur, DKI Jakarta",ace
1209378,PT,Ace Energy Service,2127822600,"Komplek Golden Plaza Fatmawati Blok J Nomor 25, Jalan Rumah Sakit Fatmawati Nomor 15, Jakarta Selatan, DKI Jakarta",ace
1242767,PT,Ace Global Investasi,2158905002,"Arcade Business Center 6th Floor Unit 6-03, Jl. Pantai Indah Utara 2 Kav. C1, Jakarta Utara, DKI Jakarta",ace
1250449,PT,Ace Jaya Energy,8112412722,"THE ICON BUSINESS PARK I-1, Kabupaten Tangerang, Banten",ace
1250804,PT,Ace Putra Mandiri,82382640303,"JL. MARSAN PERUMAHAN MELUR PERMAI BLOK H NO. 3, Kota Pekanbaru, Riau",ace
1252065,PT,Global Ace Coco,216337215,"CHR OFFICE GRAND SLIPI TOWER LANTAI 9 UNIT O, JALAN JEND S PARMAN KAVLING 22-24, Jakarta Barat, DKI Jakarta",ace
1254007,PT,Ace Dana Bali,3619080049,"Jl. Raya Teges Gg Merak 2, Peliatan, Kabupaten Gianyar, Bali",ace
1265242,PT,Ace Partner Indonesia,81210725622,"GEDUNG GRAHA MAMPANG LANTAI 3 SUITE. 305 JALAN MAMPANG PRAPATAN RAYA NOMOR 100, Jakarta Selatan, DKI Jakarta",ace
1274451,PT,Ace Properties Bali,881037511865,"GANG TAPAN, Kabupaten Gianyar, Bali",ace
1275921,PT,Ace Selaras Mandiri,817168990,"Tangcity Mall, Jl Jenderal Sudirman nomor 1, Lantai LG blok C19C (Lobby City Park), Kota Tangerang, Banten",ace
1282936,PT,Ace Biochem Indonesia,82231833944,"PLAZA MUTIARA LANTAI 8 JL. DR. IDE ANAK AGUNG GDE AGUNG KAV. E. 1.2 NOMOR 1 & 2, Jakarta Selatan, DKI Jakarta",ace
1291499,PT,Ace Pacific Distribution,6597532451,"CHR Office, Grand Slipi Tower, Lantai 9 Unit O Jl. Jend. S. Parman Kav 22-24, Jakarta Barat, DKI Jakarta",ace
1300871,PT,Ace Desain Interior,81916794856,"JALAN BUMBAK LINGKUNGAN ANYAR KELOD, Kabupaten Badung, Bali",ace
1345927,PT,Ace Cargo Express,81277392644,"JL. GAJAH MADA BLOK A NO 09, KOMP RUKO GAJAH MADA SQUARE, Kota Batam, Kepulauan Riau",ace
12182,PT,Aci Abadi Ciptainsani,,"Jl. Tanjung Duren Timur VI No. 169, Jakarta Barat, Jakarta Barat, DKI Jakarta",aci
62496,PT,Aci Korindo Ekspress,2145861235,"GADING BUKIT INDAH Blok I No. 1, JL. BUKIT GADING RAYA, Jakarta Utara, DKI Jakarta",aci
200559,PT,Aci Citra Indonesia,,"Jalan Tanjung Duren Utara IIIA/347, Jakarta Barat, DKI Jakarta",aci
698436,PT,Berkat Aci Mulia,,"jalan gergaji klopo no. 8, Kota Semarang, Jawa Tengah",aci
792590,PT,Nusantara Aci Mandiri,,"TGS Catalina Blok AB 8 no 09, Kabupaten Tangerang, Banten",aci
822543,PT,Wahana Media Aci Kepri,81213438826,"MUKA KUNING INDAH II BLOK A NO.02, Kota Batam, Kepulauan Riau",aci
848078,PT,Aci Pratama Jaya Lestari,,"PERUMAHAN GRAHA PADMAJL. PADMA BOULEVARD B.5 NO. 12 LANTAI 2 KOTA SEMARANG, Kota Semarang, Jawa Tengah",aci
969876,PT,Ina Aci Aviasi,215157777,"GEDUNG INDONESIA STOCK EXCHANGE TOWER 2 LT.17 SCBD, JL. JENDERAL SUDIRMAN KAV. 52-53, Jakarta Selatan, DKI Jakarta",aci
1171123,PT,Aci Karya Mandiri,82238199081,"PERUMAHAN REPELINA BLOK E NO.12, Kota Kendari, Sulawesi Tenggara",aci
1336343,PT,Aci Sukses Bersama,811413510,"JL. TAGARI LONJO NO. 6 A, Kota Palu, Sulawesi Tengah",aci
2129324,PT,Endoz Aci Sos Food And Wholesale Products,89668965960,"Jalan Danau Poso, Kota Denpasar, Bali",aci
